<?xml version="1.0" encoding="UTF-8"?>

<ValueSet xmlns="http://hl7.org/fhir">
  <id value="unit-of-presentation"/>
  <text>
    <status value="generated"/><div xmlns="http://www.w3.org/1999/xhtml"><ul><li>Include these codes as defined in <code>https://standardterms.edqm.eu/#</code><table class="none"><tr><td style="white-space:nowrap"><b>Code</b></td><td><b>Display</b></td></tr><tr><td>15001000</td><td>Actuation</td></tr><tr><td>15002000</td><td>Ampoule</td></tr><tr><td>15004000</td><td>Applicator</td></tr><tr><td>15005000</td><td>Bag</td></tr><tr><td>15006000</td><td>Barrel</td></tr><tr><td>15007000</td><td>Blister</td></tr><tr><td>15008000</td><td>Block</td></tr><tr><td>15009000</td><td>Bottle</td></tr><tr><td>15011000</td><td>Cachet</td></tr><tr><td>15012000</td><td>Capsule</td></tr><tr><td>15013000</td><td>Cartridge</td></tr><tr><td>15015000</td><td>Collar</td></tr><tr><td>15016000</td><td>Container</td></tr><tr><td>15017000</td><td>Cup</td></tr><tr><td>15018000</td><td>Cylinder</td></tr><tr><td>15019000</td><td>Dart</td></tr><tr><td>15021000</td><td>Dressing</td></tr><tr><td>15022000</td><td>Drop</td></tr><tr><td>15023000</td><td>Film</td></tr><tr><td>15024000</td><td>Chewing gum</td></tr><tr><td>15025000</td><td>Implant</td></tr><tr><td>15026000</td><td>Inhaler</td></tr><tr><td>15027000</td><td>Insert</td></tr><tr><td>15028000</td><td>Jar</td></tr><tr><td>15029000</td><td>Lozenge</td></tr><tr><td>15030000</td><td>Lyophilisate</td></tr><tr><td>15031000</td><td>Matrix</td></tr><tr><td>15033000</td><td>Pad</td></tr><tr><td>15034000</td><td>Paper</td></tr><tr><td>15035000</td><td>Pastille</td></tr><tr><td>15036000</td><td>Patch</td></tr><tr><td>15037000</td><td>Pen</td></tr><tr><td>15038000</td><td>Pendant</td></tr><tr><td>15039000</td><td>Pessary</td></tr><tr><td>15040000</td><td>Pillule</td></tr><tr><td>15041000</td><td>Pipette</td></tr><tr><td>15042000</td><td>Plaster</td></tr><tr><td>15043000</td><td>Plug</td></tr><tr><td>15044000</td><td>Pouch</td></tr><tr><td>15045000</td><td>Sachet</td></tr><tr><td>15046000</td><td>Sponge</td></tr><tr><td>15047000</td><td>Spoonful</td></tr><tr><td>15048000</td><td>Stick</td></tr><tr><td>15049000</td><td>Straw</td></tr><tr><td>15050000</td><td>Strip</td></tr><tr><td>15051000</td><td>Suppository</td></tr><tr><td>15052000</td><td>Syringe</td></tr><tr><td>15053000</td><td>System</td></tr><tr><td>15054000</td><td>Tablet</td></tr><tr><td>15055000</td><td>Tag</td></tr><tr><td>15056000</td><td>Tampon</td></tr><tr><td>15057000</td><td>Thread</td></tr><tr><td>15058000</td><td>Tube</td></tr><tr><td>15059000</td><td>Vessel</td></tr><tr><td>15060000</td><td>Vial</td></tr><tr><td>15061000</td><td>Puff</td></tr><tr><td>15062000</td><td>Swab</td></tr></table></li></ul><p><b>Additional Language Displays</b></p><table class="codes"><tr><td><b>Code</b></td><td><b>Deutsch (German, de)</b></td><td><b>Greek (el)</b></td><td><b>Spanish (es)</b></td><td><b>French (fr)</b></td><td><b>Italian (it)</b></td><td><b>Portuguese (pt)</b></td></tr><tr><td>15001000</td><td>Betätigung (Sprühstoß)</td><td>Ενεργοποίηση</td><td>Pulsación</td><td>Bouffée</td><td>Erogazione</td><td>Aplicação</td></tr><tr><td>15002000</td><td>Ampulle</td><td>Φύσιγγα</td><td>Ampolla</td><td>Ampoule</td><td>Fiala</td><td>Ampola</td></tr><tr><td>15004000</td><td>Applikator</td><td>Εξάρτημα χορήγησης</td><td>Aplicador</td><td>Applicateur</td><td>Applicatore</td><td>Aplicador</td></tr><tr><td>15005000</td><td>Beutel</td><td>Σάκκος</td><td>Bolsa</td><td>Poche</td><td>Sacca</td><td>Saco</td></tr><tr><td>15006000</td><td>Kanister</td><td>Βαρέλι</td><td>Barril</td><td>Fût</td><td>Fusto</td><td>Barrica</td></tr><tr><td>15007000</td><td>Blisterpackung</td><td>Κυψέλη</td><td>Blíster</td><td>Plaquette</td><td>Blister</td><td>Blister</td></tr><tr><td>15008000</td><td>Stein</td><td>Πλάκα</td><td>Bloque</td><td>Bloc</td><td>Blocco</td><td>Bloco</td></tr><tr><td>15009000</td><td>Flasche</td><td>Φιάλη</td><td>Frasco</td><td>Flacon</td><td>Flacone</td><td>Frasco</td></tr><tr><td>15011000</td><td>Oblatenkapsel</td><td>Αμυλοκαψάκιο</td><td>Sello</td><td>Cachet</td><td>Cachet</td><td>Hóstia</td></tr><tr><td>15012000</td><td>Kapsel</td><td>Καψάκιο</td><td>Cápsula</td><td>Gélule ou capsule molle selon la forme pharmaceutique complète</td><td>Capsula</td><td>Cápsula</td></tr><tr><td>15013000</td><td>Patrone</td><td>Φυσίγγιο</td><td>Cartucho</td><td>Cartouche</td><td>Cartuccia</td><td>Cartucho</td></tr><tr><td>15015000</td><td>Halsband</td><td>Περιλαίμιο</td><td>Collar</td><td>Collier</td><td>Collare</td><td>Coleira</td></tr><tr><td>15016000</td><td>Behältnis</td><td>Περιέκτης</td><td>Envase</td><td>Récipient</td><td>Contenitore</td><td>Recipiente</td></tr><tr><td>15017000</td><td>Messbecher</td><td>Κύπελλο</td><td>Vaso dosificador</td><td>Godet</td><td>Bicchiere dosatore</td><td>Copo-medida</td></tr><tr><td>15018000</td><td>Behältnis</td><td>Κύλινδρος</td><td>Bala</td><td></td><td>Cilindro</td><td>Cilindro</td></tr><tr><td>15019000</td><td>Pfeil</td><td>Εκτοξευόμενη σύριγγα</td><td>Dardo</td><td>Fléchette</td><td>Dardo</td><td>Dardo</td></tr><tr><td>15021000</td><td>Verband</td><td>Επίδεσμος</td><td>Apósito</td><td>Compresse</td><td>Garza</td><td>Penso</td></tr><tr><td>15022000</td><td>Tropfen</td><td>Σταγόνα</td><td>Gota</td><td>Goutte</td><td>Goccia</td><td>Gota</td></tr><tr><td>15023000</td><td>Film</td><td>Υμένιο</td><td>Película</td><td>Film</td><td>Film</td><td>Película</td></tr><tr><td>15024000</td><td>Kaugummi</td><td>Μασώμενο κόμμι</td><td>Chicle</td><td>Gomme à mâcher</td><td>Gomma da masticare</td><td>Goma para mascar</td></tr><tr><td>15025000</td><td>Implantat</td><td>Εμφύτευμα</td><td>Implante</td><td>Implant</td><td>Impianto</td><td>Implante</td></tr><tr><td>15026000</td><td>Inhalator</td><td>Συσκευή εισπνοής</td><td>Inhalador</td><td>Inhalateur</td><td>Inalatore</td><td>Inalador</td></tr><tr><td>15027000</td><td>Insert</td><td>Ένθεμα</td><td>Inserto</td><td>Insert</td><td>Inserto</td><td>Inserto</td></tr><tr><td>15028000</td><td>Weithalsgefäß</td><td>Βάζο</td><td>Tarro</td><td>Pot</td><td>Vasetto</td><td>Boião</td></tr><tr><td>15029000</td><td>Lutschtablette</td><td>Τροχίσκος</td><td>Pastilla para chupar</td><td>Pastille</td><td>Pastiglia</td><td>Pastilha</td></tr><tr><td>15030000</td><td>Lyophilisat</td><td>Λυοφιλοποιημένο υλικό</td><td>Liofilizado</td><td>Lyophilisat</td><td>Liofilizzato</td><td>Liofilizado</td></tr><tr><td>15031000</td><td>Matrix</td><td>Υπόστρωμα</td><td>Matriz</td><td>Matrice</td><td>Matrice</td><td>Matriz</td></tr><tr><td>15033000</td><td>Tampon</td><td>Επίθεμα</td><td>Tampón</td><td>Tampon</td><td>Tampone</td><td>Tampão</td></tr><tr><td>15034000</td><td>Papier</td><td>Χάρτης</td><td>Papel</td><td>Papier</td><td>Carta</td><td>Papel</td></tr><tr><td>15035000</td><td>Pastille</td><td>Παστίλλια</td><td>Pastilla blanda</td><td>Pastille</td><td>Pastiglia molle</td><td>Pastilha mole</td></tr><tr><td>15036000</td><td>Pflaster</td><td>Επίθεμα</td><td>Parche</td><td>Patch</td><td>Cerotto</td><td>Adesivo</td></tr><tr><td>15037000</td><td>Pen</td><td>Συσκευή τύπου πένας</td><td>Pluma</td><td>Stylo</td><td>Penna</td><td>Caneta</td></tr><tr><td>15038000</td><td>Manschette</td><td>Κρεμαστό εξάρτημα</td><td>Colgante</td><td>Manchon</td><td>Manicotto</td><td>Berloque</td></tr><tr><td>15039000</td><td>Pessary</td><td>Κολπικό υπόθετο</td><td>Óvulo</td><td>Ovule</td><td>Ovulo</td><td>Óvulo</td></tr><tr><td>15040000</td><td>Streukügelchen</td><td>Καταπότιο</td><td>Glóbulo</td><td>Granule</td><td>Granuli</td><td>Grânulo</td></tr><tr><td>15041000</td><td>Pipette</td><td>Πιπέτα</td><td>Pipeta</td><td>Pipette</td><td>Pipetta</td><td>Pipeta</td></tr><tr><td>15042000</td><td>Pflaster</td><td>Έμπλαστρο</td><td>Apósito adhesivo</td><td>Emplâtre</td><td>Cerotto</td><td>Emplastro</td></tr><tr><td>15043000</td><td>Einsatz</td><td>Βύσμα</td><td>Soporte</td><td>Support poreux</td><td>Supporto</td><td>Suporte</td></tr><tr><td>15044000</td><td>Beutelchen</td><td>Θύλακας</td><td>Bolsita</td><td>-</td><td>Sacchetto</td><td>Bolsa</td></tr><tr><td>15045000</td><td>Beutel</td><td>Φακελίσκος</td><td>Sobre</td><td>Sachet</td><td>Bustina</td><td>Saqueta</td></tr><tr><td>15046000</td><td>Schwämmchen</td><td>Σπόγγος</td><td>Esponja</td><td>Eponge</td><td>Spugna</td><td>Esponja</td></tr><tr><td>15047000</td><td>ein Löffel voll</td><td>Κουταλιά</td><td>Cucharada</td><td>Cuillère-mesure</td><td>Cucchiaio</td><td>Colher-medida</td></tr><tr><td>15048000</td><td>Stäbchen</td><td>Ραβδίο</td><td>Barra (para intramamario, Candelilla)</td><td>Bâton</td><td>Stick</td><td>Lápis</td></tr><tr><td>15049000</td><td>Trinkhalm</td><td>Καλαμίσκος</td><td>Pajita</td><td>Paille</td><td>Cannuccia</td><td>Palhinha</td></tr><tr><td>15050000</td><td>Streifen</td><td>Ταινία</td><td>Tira</td><td>A voir en fonction du libellé de la composition</td><td>Strip</td><td>Fita</td></tr><tr><td>15051000</td><td>Zäpfchen</td><td>Υπόθετο</td><td>Supositorio</td><td>Suppositoire</td><td>Supposta</td><td>Supositório</td></tr><tr><td>15052000</td><td>Spritze</td><td>Σύριγγα</td><td>Jeringa</td><td>Seringue</td><td>Siringa</td><td>Seringa</td></tr><tr><td>15053000</td><td>System</td><td>Σύστημα (χορήγησης)</td><td>Sistema</td><td>Système</td><td>Sistema</td><td>Sistema</td></tr><tr><td>15054000</td><td>Tablette</td><td>Δισκίο</td><td>Comprimido</td><td>Comprimé</td><td>Compressa</td><td>Comprimido</td></tr><tr><td>15055000</td><td>Marke</td><td>Βύσμα</td><td>Crotal</td><td>Plaquette</td><td>Placchetta</td><td>Brinco</td></tr><tr><td>15056000</td><td>Tampon</td><td>Βύσμα</td><td>Tampón</td><td>Tampon</td><td>Tampone</td><td>Tampão</td></tr><tr><td>15057000</td><td>Faden</td><td>Νήμα</td><td>Hilo</td><td>Fil</td><td>Filo</td><td>Fio</td></tr><tr><td>15058000</td><td>Tube</td><td>Σωληνάριο</td><td>Tubo</td><td>Tube</td><td>Tubo</td><td>Bisnaga</td></tr><tr><td>15059000</td><td>Behältnis</td><td>Δοχείο</td><td>Recipiente</td><td>Récipient</td><td>Recipiente a tenuta</td><td>Recipiente</td></tr><tr><td>15060000</td><td>Durchstechflasche</td><td>Φιαλίδιο</td><td>Vial</td><td>Flacon</td><td>Flaconcino</td><td>Frasco para injetáveis</td></tr><tr><td>15061000</td><td></td><td></td><td></td><td></td><td></td><td></td></tr><tr><td>15062000</td><td>Tupfer</td><td></td><td>Bastoncillo</td><td>Tampon en applicateur</td><td>Tampone</td><td>Zaragatoa</td></tr></table></div>
  </text>
  <url value="http://learning-ig.censacrof.github.com/ValueSet/unit-of-presentation"/>
  <version value="0.1.0"/>
  <name value="UnitOfPresentation"/>
  <title value="Unit of presentation"/>
  <status value="active"/>
  <experimental value="false"/>
  <date value="2022-12-20T11:58:14+00:00"/>
  <publisher value="Example Publisher"/>
  <contact>
    <name value="Example Publisher"/>
    <telecom>
      <system value="url"/>
      <value value="https://censacrof.github.io/learning-ig/branches/master/"/>
    </telecom>
  </contact>
  <description value="ValueSet Unit of presentation from EDQM, UOP, see https://standardterms.edqm.eu/#"/>
  <immutable value="false"/>
  <compose>
    <include>
      <system value="https://standardterms.edqm.eu/#"/>
      <concept>
        <code value="15001000"/>
        <display value="Actuation"/>
        <designation>
          <language value="de"/>
          <value value="Betätigung (Sprühstoß)"/>
        </designation>
        <designation>
          <language value="el"/>
          <value value="Ενεργοποίηση"/>
        </designation>
        <designation>
          <language value="es"/>
          <value value="Pulsación"/>
        </designation>
        <designation>
          <language value="fr"/>
          <value value="Bouffée"/>
        </designation>
        <designation>
          <language value="it"/>
          <value value="Erogazione"/>
        </designation>
        <designation>
          <language value="pt"/>
          <value value="Aplicação"/>
        </designation>
      </concept>
      <concept>
        <code value="15002000"/>
        <display value="Ampoule"/>
        <designation>
          <language value="de"/>
          <value value="Ampulle"/>
        </designation>
        <designation>
          <language value="el"/>
          <value value="Φύσιγγα"/>
        </designation>
        <designation>
          <language value="es"/>
          <value value="Ampolla"/>
        </designation>
        <designation>
          <language value="fr"/>
          <value value="Ampoule"/>
        </designation>
        <designation>
          <language value="it"/>
          <value value="Fiala"/>
        </designation>
        <designation>
          <language value="pt"/>
          <value value="Ampola"/>
        </designation>
      </concept>
      <concept>
        <code value="15004000"/>
        <display value="Applicator"/>
        <designation>
          <language value="de"/>
          <value value="Applikator"/>
        </designation>
        <designation>
          <language value="el"/>
          <value value="Εξάρτημα χορήγησης"/>
        </designation>
        <designation>
          <language value="es"/>
          <value value="Aplicador"/>
        </designation>
        <designation>
          <language value="fr"/>
          <value value="Applicateur"/>
        </designation>
        <designation>
          <language value="it"/>
          <value value="Applicatore"/>
        </designation>
        <designation>
          <language value="pt"/>
          <value value="Aplicador"/>
        </designation>
      </concept>
      <concept>
        <code value="15005000"/>
        <display value="Bag"/>
        <designation>
          <language value="de"/>
          <value value="Beutel"/>
        </designation>
        <designation>
          <language value="el"/>
          <value value="Σάκκος"/>
        </designation>
        <designation>
          <language value="es"/>
          <value value="Bolsa"/>
        </designation>
        <designation>
          <language value="fr"/>
          <value value="Poche"/>
        </designation>
        <designation>
          <language value="it"/>
          <value value="Sacca"/>
        </designation>
        <designation>
          <language value="pt"/>
          <value value="Saco"/>
        </designation>
      </concept>
      <concept>
        <code value="15006000"/>
        <display value="Barrel"/>
        <designation>
          <language value="de"/>
          <value value="Kanister"/>
        </designation>
        <designation>
          <language value="el"/>
          <value value="Βαρέλι"/>
        </designation>
        <designation>
          <language value="es"/>
          <value value="Barril"/>
        </designation>
        <designation>
          <language value="fr"/>
          <value value="Fût"/>
        </designation>
        <designation>
          <language value="it"/>
          <value value="Fusto"/>
        </designation>
        <designation>
          <language value="pt"/>
          <value value="Barrica"/>
        </designation>
      </concept>
      <concept>
        <code value="15007000"/>
        <display value="Blister"/>
        <designation>
          <language value="de"/>
          <value value="Blisterpackung"/>
        </designation>
        <designation>
          <language value="el"/>
          <value value="Κυψέλη"/>
        </designation>
        <designation>
          <language value="es"/>
          <value value="Blíster"/>
        </designation>
        <designation>
          <language value="fr"/>
          <value value="Plaquette"/>
        </designation>
        <designation>
          <language value="it"/>
          <value value="Blister"/>
        </designation>
        <designation>
          <language value="pt"/>
          <value value="Blister"/>
        </designation>
      </concept>
      <concept>
        <code value="15008000"/>
        <display value="Block"/>
        <designation>
          <language value="de"/>
          <value value="Stein"/>
        </designation>
        <designation>
          <language value="el"/>
          <value value="Πλάκα"/>
        </designation>
        <designation>
          <language value="es"/>
          <value value="Bloque"/>
        </designation>
        <designation>
          <language value="fr"/>
          <value value="Bloc"/>
        </designation>
        <designation>
          <language value="it"/>
          <value value="Blocco"/>
        </designation>
        <designation>
          <language value="pt"/>
          <value value="Bloco"/>
        </designation>
      </concept>
      <concept>
        <code value="15009000"/>
        <display value="Bottle"/>
        <designation>
          <language value="de"/>
          <value value="Flasche"/>
        </designation>
        <designation>
          <language value="el"/>
          <value value="Φιάλη"/>
        </designation>
        <designation>
          <language value="es"/>
          <value value="Frasco"/>
        </designation>
        <designation>
          <language value="fr"/>
          <value value="Flacon"/>
        </designation>
        <designation>
          <language value="it"/>
          <value value="Flacone"/>
        </designation>
        <designation>
          <language value="pt"/>
          <value value="Frasco"/>
        </designation>
      </concept>
      <concept>
        <code value="15011000"/>
        <display value="Cachet"/>
        <designation>
          <language value="de"/>
          <value value="Oblatenkapsel"/>
        </designation>
        <designation>
          <language value="el"/>
          <value value="Αμυλοκαψάκιο"/>
        </designation>
        <designation>
          <language value="es"/>
          <value value="Sello"/>
        </designation>
        <designation>
          <language value="fr"/>
          <value value="Cachet"/>
        </designation>
        <designation>
          <language value="it"/>
          <value value="Cachet"/>
        </designation>
        <designation>
          <language value="pt"/>
          <value value="Hóstia"/>
        </designation>
      </concept>
      <concept>
        <code value="15012000"/>
        <display value="Capsule"/>
        <designation>
          <language value="de"/>
          <value value="Kapsel"/>
        </designation>
        <designation>
          <language value="el"/>
          <value value="Καψάκιο"/>
        </designation>
        <designation>
          <language value="es"/>
          <value value="Cápsula"/>
        </designation>
        <designation>
          <language value="fr"/>
          <value value="Gélule ou capsule molle selon la forme pharmaceutique complète"/>
        </designation>
        <designation>
          <language value="it"/>
          <value value="Capsula"/>
        </designation>
        <designation>
          <language value="pt"/>
          <value value="Cápsula"/>
        </designation>
      </concept>
      <concept>
        <code value="15013000"/>
        <display value="Cartridge"/>
        <designation>
          <language value="de"/>
          <value value="Patrone"/>
        </designation>
        <designation>
          <language value="el"/>
          <value value="Φυσίγγιο"/>
        </designation>
        <designation>
          <language value="es"/>
          <value value="Cartucho"/>
        </designation>
        <designation>
          <language value="fr"/>
          <value value="Cartouche"/>
        </designation>
        <designation>
          <language value="it"/>
          <value value="Cartuccia"/>
        </designation>
        <designation>
          <language value="pt"/>
          <value value="Cartucho"/>
        </designation>
      </concept>
      <concept>
        <code value="15015000"/>
        <display value="Collar"/>
        <designation>
          <language value="de"/>
          <value value="Halsband"/>
        </designation>
        <designation>
          <language value="el"/>
          <value value="Περιλαίμιο"/>
        </designation>
        <designation>
          <language value="es"/>
          <value value="Collar"/>
        </designation>
        <designation>
          <language value="fr"/>
          <value value="Collier"/>
        </designation>
        <designation>
          <language value="it"/>
          <value value="Collare"/>
        </designation>
        <designation>
          <language value="pt"/>
          <value value="Coleira"/>
        </designation>
      </concept>
      <concept>
        <code value="15016000"/>
        <display value="Container"/>
        <designation>
          <language value="de"/>
          <value value="Behältnis"/>
        </designation>
        <designation>
          <language value="el"/>
          <value value="Περιέκτης"/>
        </designation>
        <designation>
          <language value="es"/>
          <value value="Envase"/>
        </designation>
        <designation>
          <language value="fr"/>
          <value value="Récipient"/>
        </designation>
        <designation>
          <language value="it"/>
          <value value="Contenitore"/>
        </designation>
        <designation>
          <language value="pt"/>
          <value value="Recipiente"/>
        </designation>
      </concept>
      <concept>
        <code value="15017000"/>
        <display value="Cup"/>
        <designation>
          <language value="de"/>
          <value value="Messbecher"/>
        </designation>
        <designation>
          <language value="el"/>
          <value value="Κύπελλο"/>
        </designation>
        <designation>
          <language value="es"/>
          <value value="Vaso dosificador"/>
        </designation>
        <designation>
          <language value="fr"/>
          <value value="Godet"/>
        </designation>
        <designation>
          <language value="it"/>
          <value value="Bicchiere dosatore"/>
        </designation>
        <designation>
          <language value="pt"/>
          <value value="Copo-medida"/>
        </designation>
      </concept>
      <concept>
        <code value="15018000"/>
        <display value="Cylinder"/>
        <designation>
          <language value="de"/>
          <value value="Behältnis"/>
        </designation>
        <designation>
          <language value="el"/>
          <value value="Κύλινδρος"/>
        </designation>
        <designation>
          <language value="es"/>
          <value value="Bala"/>
        </designation>
        <designation>
          <language value="it"/>
          <value value="Cilindro"/>
        </designation>
        <designation>
          <language value="pt"/>
          <value value="Cilindro"/>
        </designation>
      </concept>
      <concept>
        <code value="15019000"/>
        <display value="Dart"/>
        <designation>
          <language value="de"/>
          <value value="Pfeil"/>
        </designation>
        <designation>
          <language value="el"/>
          <value value="Εκτοξευόμενη σύριγγα"/>
        </designation>
        <designation>
          <language value="es"/>
          <value value="Dardo"/>
        </designation>
        <designation>
          <language value="fr"/>
          <value value="Fléchette"/>
        </designation>
        <designation>
          <language value="it"/>
          <value value="Dardo"/>
        </designation>
        <designation>
          <language value="pt"/>
          <value value="Dardo"/>
        </designation>
      </concept>
      <concept>
        <code value="15021000"/>
        <display value="Dressing"/>
        <designation>
          <language value="de"/>
          <value value="Verband"/>
        </designation>
        <designation>
          <language value="el"/>
          <value value="Επίδεσμος"/>
        </designation>
        <designation>
          <language value="es"/>
          <value value="Apósito"/>
        </designation>
        <designation>
          <language value="fr"/>
          <value value="Compresse"/>
        </designation>
        <designation>
          <language value="it"/>
          <value value="Garza"/>
        </designation>
        <designation>
          <language value="pt"/>
          <value value="Penso"/>
        </designation>
      </concept>
      <concept>
        <code value="15022000"/>
        <display value="Drop"/>
        <designation>
          <language value="de"/>
          <value value="Tropfen"/>
        </designation>
        <designation>
          <language value="el"/>
          <value value="Σταγόνα"/>
        </designation>
        <designation>
          <language value="es"/>
          <value value="Gota"/>
        </designation>
        <designation>
          <language value="fr"/>
          <value value="Goutte"/>
        </designation>
        <designation>
          <language value="it"/>
          <value value="Goccia"/>
        </designation>
        <designation>
          <language value="pt"/>
          <value value="Gota"/>
        </designation>
      </concept>
      <concept>
        <code value="15023000"/>
        <display value="Film"/>
        <designation>
          <language value="de"/>
          <value value="Film"/>
        </designation>
        <designation>
          <language value="el"/>
          <value value="Υμένιο"/>
        </designation>
        <designation>
          <language value="es"/>
          <value value="Película"/>
        </designation>
        <designation>
          <language value="fr"/>
          <value value="Film"/>
        </designation>
        <designation>
          <language value="it"/>
          <value value="Film"/>
        </designation>
        <designation>
          <language value="pt"/>
          <value value="Película"/>
        </designation>
      </concept>
      <concept>
        <code value="15024000"/>
        <display value="Chewing gum"/>
        <designation>
          <language value="de"/>
          <value value="Kaugummi"/>
        </designation>
        <designation>
          <language value="el"/>
          <value value="Μασώμενο κόμμι"/>
        </designation>
        <designation>
          <language value="es"/>
          <value value="Chicle"/>
        </designation>
        <designation>
          <language value="fr"/>
          <value value="Gomme à mâcher"/>
        </designation>
        <designation>
          <language value="it"/>
          <value value="Gomma da masticare"/>
        </designation>
        <designation>
          <language value="pt"/>
          <value value="Goma para mascar"/>
        </designation>
      </concept>
      <concept>
        <code value="15025000"/>
        <display value="Implant"/>
        <designation>
          <language value="de"/>
          <value value="Implantat"/>
        </designation>
        <designation>
          <language value="el"/>
          <value value="Εμφύτευμα"/>
        </designation>
        <designation>
          <language value="es"/>
          <value value="Implante"/>
        </designation>
        <designation>
          <language value="fr"/>
          <value value="Implant"/>
        </designation>
        <designation>
          <language value="it"/>
          <value value="Impianto"/>
        </designation>
        <designation>
          <language value="pt"/>
          <value value="Implante"/>
        </designation>
      </concept>
      <concept>
        <code value="15026000"/>
        <display value="Inhaler"/>
        <designation>
          <language value="de"/>
          <value value="Inhalator"/>
        </designation>
        <designation>
          <language value="el"/>
          <value value="Συσκευή εισπνοής"/>
        </designation>
        <designation>
          <language value="es"/>
          <value value="Inhalador"/>
        </designation>
        <designation>
          <language value="fr"/>
          <value value="Inhalateur"/>
        </designation>
        <designation>
          <language value="it"/>
          <value value="Inalatore"/>
        </designation>
        <designation>
          <language value="pt"/>
          <value value="Inalador"/>
        </designation>
      </concept>
      <concept>
        <code value="15027000"/>
        <display value="Insert"/>
        <designation>
          <language value="de"/>
          <value value="Insert"/>
        </designation>
        <designation>
          <language value="el"/>
          <value value="Ένθεμα"/>
        </designation>
        <designation>
          <language value="es"/>
          <value value="Inserto"/>
        </designation>
        <designation>
          <language value="fr"/>
          <value value="Insert"/>
        </designation>
        <designation>
          <language value="it"/>
          <value value="Inserto"/>
        </designation>
        <designation>
          <language value="pt"/>
          <value value="Inserto"/>
        </designation>
      </concept>
      <concept>
        <code value="15028000"/>
        <display value="Jar"/>
        <designation>
          <language value="de"/>
          <value value="Weithalsgefäß"/>
        </designation>
        <designation>
          <language value="el"/>
          <value value="Βάζο"/>
        </designation>
        <designation>
          <language value="es"/>
          <value value="Tarro"/>
        </designation>
        <designation>
          <language value="fr"/>
          <value value="Pot"/>
        </designation>
        <designation>
          <language value="it"/>
          <value value="Vasetto"/>
        </designation>
        <designation>
          <language value="pt"/>
          <value value="Boião"/>
        </designation>
      </concept>
      <concept>
        <code value="15029000"/>
        <display value="Lozenge"/>
        <designation>
          <language value="de"/>
          <value value="Lutschtablette"/>
        </designation>
        <designation>
          <language value="el"/>
          <value value="Τροχίσκος"/>
        </designation>
        <designation>
          <language value="es"/>
          <value value="Pastilla para chupar"/>
        </designation>
        <designation>
          <language value="fr"/>
          <value value="Pastille"/>
        </designation>
        <designation>
          <language value="it"/>
          <value value="Pastiglia"/>
        </designation>
        <designation>
          <language value="pt"/>
          <value value="Pastilha"/>
        </designation>
      </concept>
      <concept>
        <code value="15030000"/>
        <display value="Lyophilisate"/>
        <designation>
          <language value="de"/>
          <value value="Lyophilisat"/>
        </designation>
        <designation>
          <language value="el"/>
          <value value="Λυοφιλοποιημένο υλικό"/>
        </designation>
        <designation>
          <language value="es"/>
          <value value="Liofilizado"/>
        </designation>
        <designation>
          <language value="fr"/>
          <value value="Lyophilisat"/>
        </designation>
        <designation>
          <language value="it"/>
          <value value="Liofilizzato"/>
        </designation>
        <designation>
          <language value="pt"/>
          <value value="Liofilizado"/>
        </designation>
      </concept>
      <concept>
        <code value="15031000"/>
        <display value="Matrix"/>
        <designation>
          <language value="de"/>
          <value value="Matrix"/>
        </designation>
        <designation>
          <language value="el"/>
          <value value="Υπόστρωμα"/>
        </designation>
        <designation>
          <language value="es"/>
          <value value="Matriz"/>
        </designation>
        <designation>
          <language value="fr"/>
          <value value="Matrice"/>
        </designation>
        <designation>
          <language value="it"/>
          <value value="Matrice"/>
        </designation>
        <designation>
          <language value="pt"/>
          <value value="Matriz"/>
        </designation>
      </concept>
      <concept>
        <code value="15033000"/>
        <display value="Pad"/>
        <designation>
          <language value="de"/>
          <value value="Tampon"/>
        </designation>
        <designation>
          <language value="el"/>
          <value value="Επίθεμα"/>
        </designation>
        <designation>
          <language value="es"/>
          <value value="Tampón"/>
        </designation>
        <designation>
          <language value="fr"/>
          <value value="Tampon"/>
        </designation>
        <designation>
          <language value="it"/>
          <value value="Tampone"/>
        </designation>
        <designation>
          <language value="pt"/>
          <value value="Tampão"/>
        </designation>
      </concept>
      <concept>
        <code value="15034000"/>
        <display value="Paper"/>
        <designation>
          <language value="de"/>
          <value value="Papier"/>
        </designation>
        <designation>
          <language value="el"/>
          <value value="Χάρτης"/>
        </designation>
        <designation>
          <language value="es"/>
          <value value="Papel"/>
        </designation>
        <designation>
          <language value="fr"/>
          <value value="Papier"/>
        </designation>
        <designation>
          <language value="it"/>
          <value value="Carta"/>
        </designation>
        <designation>
          <language value="pt"/>
          <value value="Papel"/>
        </designation>
      </concept>
      <concept>
        <code value="15035000"/>
        <display value="Pastille"/>
        <designation>
          <language value="de"/>
          <value value="Pastille"/>
        </designation>
        <designation>
          <language value="el"/>
          <value value="Παστίλλια"/>
        </designation>
        <designation>
          <language value="es"/>
          <value value="Pastilla blanda"/>
        </designation>
        <designation>
          <language value="fr"/>
          <value value="Pastille"/>
        </designation>
        <designation>
          <language value="it"/>
          <value value="Pastiglia molle"/>
        </designation>
        <designation>
          <language value="pt"/>
          <value value="Pastilha mole"/>
        </designation>
      </concept>
      <concept>
        <code value="15036000"/>
        <display value="Patch"/>
        <designation>
          <language value="de"/>
          <value value="Pflaster"/>
        </designation>
        <designation>
          <language value="el"/>
          <value value="Επίθεμα"/>
        </designation>
        <designation>
          <language value="es"/>
          <value value="Parche"/>
        </designation>
        <designation>
          <language value="fr"/>
          <value value="Patch"/>
        </designation>
        <designation>
          <language value="it"/>
          <value value="Cerotto"/>
        </designation>
        <designation>
          <language value="pt"/>
          <value value="Adesivo"/>
        </designation>
      </concept>
      <concept>
        <code value="15037000"/>
        <display value="Pen"/>
        <designation>
          <language value="de"/>
          <value value="Pen"/>
        </designation>
        <designation>
          <language value="el"/>
          <value value="Συσκευή τύπου πένας"/>
        </designation>
        <designation>
          <language value="es"/>
          <value value="Pluma"/>
        </designation>
        <designation>
          <language value="fr"/>
          <value value="Stylo"/>
        </designation>
        <designation>
          <language value="it"/>
          <value value="Penna"/>
        </designation>
        <designation>
          <language value="pt"/>
          <value value="Caneta"/>
        </designation>
      </concept>
      <concept>
        <code value="15038000"/>
        <display value="Pendant"/>
        <designation>
          <language value="de"/>
          <value value="Manschette"/>
        </designation>
        <designation>
          <language value="el"/>
          <value value="Κρεμαστό εξάρτημα"/>
        </designation>
        <designation>
          <language value="es"/>
          <value value="Colgante"/>
        </designation>
        <designation>
          <language value="fr"/>
          <value value="Manchon"/>
        </designation>
        <designation>
          <language value="it"/>
          <value value="Manicotto"/>
        </designation>
        <designation>
          <language value="pt"/>
          <value value="Berloque"/>
        </designation>
      </concept>
      <concept>
        <code value="15039000"/>
        <display value="Pessary"/>
        <designation>
          <language value="de"/>
          <value value="Pessary"/>
        </designation>
        <designation>
          <language value="el"/>
          <value value="Κολπικό υπόθετο"/>
        </designation>
        <designation>
          <language value="es"/>
          <value value="Óvulo"/>
        </designation>
        <designation>
          <language value="fr"/>
          <value value="Ovule"/>
        </designation>
        <designation>
          <language value="it"/>
          <value value="Ovulo"/>
        </designation>
        <designation>
          <language value="pt"/>
          <value value="Óvulo"/>
        </designation>
      </concept>
      <concept>
        <code value="15040000"/>
        <display value="Pillule"/>
        <designation>
          <language value="de"/>
          <value value="Streukügelchen"/>
        </designation>
        <designation>
          <language value="el"/>
          <value value="Καταπότιο"/>
        </designation>
        <designation>
          <language value="es"/>
          <value value="Glóbulo"/>
        </designation>
        <designation>
          <language value="fr"/>
          <value value="Granule"/>
        </designation>
        <designation>
          <language value="it"/>
          <value value="Granuli"/>
        </designation>
        <designation>
          <language value="pt"/>
          <value value="Grânulo"/>
        </designation>
      </concept>
      <concept>
        <code value="15041000"/>
        <display value="Pipette"/>
        <designation>
          <language value="de"/>
          <value value="Pipette"/>
        </designation>
        <designation>
          <language value="el"/>
          <value value="Πιπέτα"/>
        </designation>
        <designation>
          <language value="es"/>
          <value value="Pipeta"/>
        </designation>
        <designation>
          <language value="fr"/>
          <value value="Pipette"/>
        </designation>
        <designation>
          <language value="it"/>
          <value value="Pipetta"/>
        </designation>
        <designation>
          <language value="pt"/>
          <value value="Pipeta"/>
        </designation>
      </concept>
      <concept>
        <code value="15042000"/>
        <display value="Plaster"/>
        <designation>
          <language value="de"/>
          <value value="Pflaster"/>
        </designation>
        <designation>
          <language value="el"/>
          <value value="Έμπλαστρο"/>
        </designation>
        <designation>
          <language value="es"/>
          <value value="Apósito adhesivo"/>
        </designation>
        <designation>
          <language value="fr"/>
          <value value="Emplâtre"/>
        </designation>
        <designation>
          <language value="it"/>
          <value value="Cerotto"/>
        </designation>
        <designation>
          <language value="pt"/>
          <value value="Emplastro"/>
        </designation>
      </concept>
      <concept>
        <code value="15043000"/>
        <display value="Plug"/>
        <designation>
          <language value="de"/>
          <value value="Einsatz"/>
        </designation>
        <designation>
          <language value="el"/>
          <value value="Βύσμα"/>
        </designation>
        <designation>
          <language value="es"/>
          <value value="Soporte"/>
        </designation>
        <designation>
          <language value="fr"/>
          <value value="Support poreux"/>
        </designation>
        <designation>
          <language value="it"/>
          <value value="Supporto"/>
        </designation>
        <designation>
          <language value="pt"/>
          <value value="Suporte"/>
        </designation>
      </concept>
      <concept>
        <code value="15044000"/>
        <display value="Pouch"/>
        <designation>
          <language value="de"/>
          <value value="Beutelchen"/>
        </designation>
        <designation>
          <language value="el"/>
          <value value="Θύλακας"/>
        </designation>
        <designation>
          <language value="es"/>
          <value value="Bolsita"/>
        </designation>
        <designation>
          <language value="fr"/>
          <value value="-"/>
        </designation>
        <designation>
          <language value="it"/>
          <value value="Sacchetto"/>
        </designation>
        <designation>
          <language value="pt"/>
          <value value="Bolsa"/>
        </designation>
      </concept>
      <concept>
        <code value="15045000"/>
        <display value="Sachet"/>
        <designation>
          <language value="de"/>
          <value value="Beutel"/>
        </designation>
        <designation>
          <language value="el"/>
          <value value="Φακελίσκος"/>
        </designation>
        <designation>
          <language value="es"/>
          <value value="Sobre"/>
        </designation>
        <designation>
          <language value="fr"/>
          <value value="Sachet"/>
        </designation>
        <designation>
          <language value="it"/>
          <value value="Bustina"/>
        </designation>
        <designation>
          <language value="pt"/>
          <value value="Saqueta"/>
        </designation>
      </concept>
      <concept>
        <code value="15046000"/>
        <display value="Sponge"/>
        <designation>
          <language value="de"/>
          <value value="Schwämmchen"/>
        </designation>
        <designation>
          <language value="el"/>
          <value value="Σπόγγος"/>
        </designation>
        <designation>
          <language value="es"/>
          <value value="Esponja"/>
        </designation>
        <designation>
          <language value="fr"/>
          <value value="Eponge"/>
        </designation>
        <designation>
          <language value="it"/>
          <value value="Spugna"/>
        </designation>
        <designation>
          <language value="pt"/>
          <value value="Esponja"/>
        </designation>
      </concept>
      <concept>
        <code value="15047000"/>
        <display value="Spoonful"/>
        <designation>
          <language value="de"/>
          <value value="ein Löffel voll"/>
        </designation>
        <designation>
          <language value="el"/>
          <value value="Κουταλιά"/>
        </designation>
        <designation>
          <language value="es"/>
          <value value="Cucharada"/>
        </designation>
        <designation>
          <language value="fr"/>
          <value value="Cuillère-mesure"/>
        </designation>
        <designation>
          <language value="it"/>
          <value value="Cucchiaio"/>
        </designation>
        <designation>
          <language value="pt"/>
          <value value="Colher-medida"/>
        </designation>
      </concept>
      <concept>
        <code value="15048000"/>
        <display value="Stick"/>
        <designation>
          <language value="de"/>
          <value value="Stäbchen"/>
        </designation>
        <designation>
          <language value="el"/>
          <value value="Ραβδίο"/>
        </designation>
        <designation>
          <language value="es"/>
          <value value="Barra (para intramamario, Candelilla)"/>
        </designation>
        <designation>
          <language value="fr"/>
          <value value="Bâton"/>
        </designation>
        <designation>
          <language value="it"/>
          <value value="Stick"/>
        </designation>
        <designation>
          <language value="pt"/>
          <value value="Lápis"/>
        </designation>
      </concept>
      <concept>
        <code value="15049000"/>
        <display value="Straw"/>
        <designation>
          <language value="de"/>
          <value value="Trinkhalm"/>
        </designation>
        <designation>
          <language value="el"/>
          <value value="Καλαμίσκος"/>
        </designation>
        <designation>
          <language value="es"/>
          <value value="Pajita"/>
        </designation>
        <designation>
          <language value="fr"/>
          <value value="Paille"/>
        </designation>
        <designation>
          <language value="it"/>
          <value value="Cannuccia"/>
        </designation>
        <designation>
          <language value="pt"/>
          <value value="Palhinha"/>
        </designation>
      </concept>
      <concept>
        <code value="15050000"/>
        <display value="Strip"/>
        <designation>
          <language value="de"/>
          <value value="Streifen"/>
        </designation>
        <designation>
          <language value="el"/>
          <value value="Ταινία"/>
        </designation>
        <designation>
          <language value="es"/>
          <value value="Tira"/>
        </designation>
        <designation>
          <language value="fr"/>
          <value value="A voir en fonction du libellé de la composition"/>
        </designation>
        <designation>
          <language value="it"/>
          <value value="Strip"/>
        </designation>
        <designation>
          <language value="pt"/>
          <value value="Fita"/>
        </designation>
      </concept>
      <concept>
        <code value="15051000"/>
        <display value="Suppository"/>
        <designation>
          <language value="de"/>
          <value value="Zäpfchen"/>
        </designation>
        <designation>
          <language value="el"/>
          <value value="Υπόθετο"/>
        </designation>
        <designation>
          <language value="es"/>
          <value value="Supositorio"/>
        </designation>
        <designation>
          <language value="fr"/>
          <value value="Suppositoire"/>
        </designation>
        <designation>
          <language value="it"/>
          <value value="Supposta"/>
        </designation>
        <designation>
          <language value="pt"/>
          <value value="Supositório"/>
        </designation>
      </concept>
      <concept>
        <code value="15052000"/>
        <display value="Syringe"/>
        <designation>
          <language value="de"/>
          <value value="Spritze"/>
        </designation>
        <designation>
          <language value="el"/>
          <value value="Σύριγγα"/>
        </designation>
        <designation>
          <language value="es"/>
          <value value="Jeringa"/>
        </designation>
        <designation>
          <language value="fr"/>
          <value value="Seringue"/>
        </designation>
        <designation>
          <language value="it"/>
          <value value="Siringa"/>
        </designation>
        <designation>
          <language value="pt"/>
          <value value="Seringa"/>
        </designation>
      </concept>
      <concept>
        <code value="15053000"/>
        <display value="System"/>
        <designation>
          <language value="de"/>
          <value value="System"/>
        </designation>
        <designation>
          <language value="el"/>
          <value value="Σύστημα (χορήγησης)"/>
        </designation>
        <designation>
          <language value="es"/>
          <value value="Sistema"/>
        </designation>
        <designation>
          <language value="fr"/>
          <value value="Système"/>
        </designation>
        <designation>
          <language value="it"/>
          <value value="Sistema"/>
        </designation>
        <designation>
          <language value="pt"/>
          <value value="Sistema"/>
        </designation>
      </concept>
      <concept>
        <code value="15054000"/>
        <display value="Tablet"/>
        <designation>
          <language value="de"/>
          <value value="Tablette"/>
        </designation>
        <designation>
          <language value="el"/>
          <value value="Δισκίο"/>
        </designation>
        <designation>
          <language value="es"/>
          <value value="Comprimido"/>
        </designation>
        <designation>
          <language value="fr"/>
          <value value="Comprimé"/>
        </designation>
        <designation>
          <language value="it"/>
          <value value="Compressa"/>
        </designation>
        <designation>
          <language value="pt"/>
          <value value="Comprimido"/>
        </designation>
      </concept>
      <concept>
        <code value="15055000"/>
        <display value="Tag"/>
        <designation>
          <language value="de"/>
          <value value="Marke"/>
        </designation>
        <designation>
          <language value="el"/>
          <value value="Βύσμα"/>
        </designation>
        <designation>
          <language value="es"/>
          <value value="Crotal"/>
        </designation>
        <designation>
          <language value="fr"/>
          <value value="Plaquette"/>
        </designation>
        <designation>
          <language value="it"/>
          <value value="Placchetta"/>
        </designation>
        <designation>
          <language value="pt"/>
          <value value="Brinco"/>
        </designation>
      </concept>
      <concept>
        <code value="15056000"/>
        <display value="Tampon"/>
        <designation>
          <language value="de"/>
          <value value="Tampon"/>
        </designation>
        <designation>
          <language value="el"/>
          <value value="Βύσμα"/>
        </designation>
        <designation>
          <language value="es"/>
          <value value="Tampón"/>
        </designation>
        <designation>
          <language value="fr"/>
          <value value="Tampon"/>
        </designation>
        <designation>
          <language value="it"/>
          <value value="Tampone"/>
        </designation>
        <designation>
          <language value="pt"/>
          <value value="Tampão"/>
        </designation>
      </concept>
      <concept>
        <code value="15057000"/>
        <display value="Thread"/>
        <designation>
          <language value="de"/>
          <value value="Faden"/>
        </designation>
        <designation>
          <language value="el"/>
          <value value="Νήμα"/>
        </designation>
        <designation>
          <language value="es"/>
          <value value="Hilo"/>
        </designation>
        <designation>
          <language value="fr"/>
          <value value="Fil"/>
        </designation>
        <designation>
          <language value="it"/>
          <value value="Filo"/>
        </designation>
        <designation>
          <language value="pt"/>
          <value value="Fio"/>
        </designation>
      </concept>
      <concept>
        <code value="15058000"/>
        <display value="Tube"/>
        <designation>
          <language value="de"/>
          <value value="Tube"/>
        </designation>
        <designation>
          <language value="el"/>
          <value value="Σωληνάριο"/>
        </designation>
        <designation>
          <language value="es"/>
          <value value="Tubo"/>
        </designation>
        <designation>
          <language value="fr"/>
          <value value="Tube"/>
        </designation>
        <designation>
          <language value="it"/>
          <value value="Tubo"/>
        </designation>
        <designation>
          <language value="pt"/>
          <value value="Bisnaga"/>
        </designation>
      </concept>
      <concept>
        <code value="15059000"/>
        <display value="Vessel"/>
        <designation>
          <language value="de"/>
          <value value="Behältnis"/>
        </designation>
        <designation>
          <language value="el"/>
          <value value="Δοχείο"/>
        </designation>
        <designation>
          <language value="es"/>
          <value value="Recipiente"/>
        </designation>
        <designation>
          <language value="fr"/>
          <value value="Récipient"/>
        </designation>
        <designation>
          <language value="it"/>
          <value value="Recipiente a tenuta"/>
        </designation>
        <designation>
          <language value="pt"/>
          <value value="Recipiente"/>
        </designation>
      </concept>
      <concept>
        <code value="15060000"/>
        <display value="Vial"/>
        <designation>
          <language value="de"/>
          <value value="Durchstechflasche"/>
        </designation>
        <designation>
          <language value="el"/>
          <value value="Φιαλίδιο"/>
        </designation>
        <designation>
          <language value="es"/>
          <value value="Vial"/>
        </designation>
        <designation>
          <language value="fr"/>
          <value value="Flacon"/>
        </designation>
        <designation>
          <language value="it"/>
          <value value="Flaconcino"/>
        </designation>
        <designation>
          <language value="pt"/>
          <value value="Frasco para injetáveis"/>
        </designation>
      </concept>
      <concept>
        <code value="15061000"/>
        <display value="Puff"/>
      </concept>
      <concept>
        <code value="15062000"/>
        <display value="Swab"/>
        <designation>
          <language value="de"/>
          <value value="Tupfer"/>
        </designation>
        <designation>
          <language value="es"/>
          <value value="Bastoncillo"/>
        </designation>
        <designation>
          <language value="fr"/>
          <value value="Tampon en applicateur"/>
        </designation>
        <designation>
          <language value="it"/>
          <value value="Tampone"/>
        </designation>
        <designation>
          <language value="pt"/>
          <value value="Zaragatoa"/>
        </designation>
      </concept>
    </include>
  </compose>
</ValueSet>