<?xml version="1.0" encoding="UTF-8"?>

<ValueSet xmlns="http://hl7.org/fhir">
  <id value="transformation"/>
  <text>
    <status value="generated"/><div xmlns="http://www.w3.org/1999/xhtml"><ul><li>Include these codes as defined in <code>https://standardterms.edqm.eu/#</code><table class="none"><tr><td style="white-space:nowrap"><b>Code</b></td><td><b>Display</b></td></tr><tr><td>0038</td><td>Dilution</td></tr><tr><td>0039</td><td>Dispersion</td></tr><tr><td>0040</td><td>Dissolution</td></tr><tr><td>0041</td><td>Mixing</td></tr><tr><td>0042</td><td>No transformation</td></tr><tr><td>0043</td><td>Unknown</td></tr></table></li></ul></div>
  </text>
  <url value="http://learning-ig.censacrof.github.com/ValueSet/transformation"/>
  <version value="0.1.0"/>
  <name value="Transformation"/>
  <title value="Transformation"/>
  <status value="active"/>
  <experimental value="false"/>
  <date value="2022-12-20T11:58:14+00:00"/>
  <publisher value="Example Publisher"/>
  <contact>
    <name value="Example Publisher"/>
    <telecom>
      <system value="url"/>
      <value value="https://censacrof.github.io/learning-ig/branches/master/"/>
    </telecom>
  </contact>
  <description value="ValueSet Transformation from EDQM, TRA, see https://standardterms.edqm.eu/#"/>
  <immutable value="false"/>
  <compose>
    <include>
      <system value="https://standardterms.edqm.eu/#"/>
      <concept>
        <code value="0038"/>
        <display value="Dilution"/>
      </concept>
      <concept>
        <code value="0039"/>
        <display value="Dispersion"/>
      </concept>
      <concept>
        <code value="0040"/>
        <display value="Dissolution"/>
      </concept>
      <concept>
        <code value="0041"/>
        <display value="Mixing"/>
      </concept>
      <concept>
        <code value="0042"/>
        <display value="No transformation"/>
      </concept>
      <concept>
        <code value="0043"/>
        <display value="Unknown"/>
      </concept>
    </include>
  </compose>
</ValueSet>