{
  "resourceType" : "ValueSet",
  "id" : "packaging-category",
  "text" : {
    "status" : "generated",
    "div" : "<div xmlns=\"http://www.w3.org/1999/xhtml\"><ul><li>Include these codes as defined in <code>https://standardterms.edqm.eu/#</code><table class=\"none\"><tr><td style=\"white-space:nowrap\"><b>Code</b></td><td><b>Display</b></td></tr><tr><td>0001</td><td>Container</td></tr><tr><td>0002</td><td>Closure</td></tr><tr><td>0003</td><td>Administration device</td></tr></table></li></ul></div>"
  },
  "url" : "learning-ig.censacrof.github.com/ValueSet/packaging-category",
  "version" : "0.1.0",
  "name" : "PackagingCategory",
  "title" : "Packaging category",
  "status" : "active",
  "experimental" : false,
  "date" : "2022-12-15T15:54:12+00:00",
  "publisher" : "Example Publisher",
  "contact" : [{
    "name" : "Example Publisher",
    "telecom" : [{
      "system" : "url",
      "value" : "https://censacrof.github.io/learning-ig/branches/master/"
    }]
  }],
  "description" : "ValueSet Packaging category from EDQM, PAC, see https://standardterms.edqm.eu/#",
  "immutable" : false,
  "compose" : {
    "include" : [{
      "system" : "https://standardterms.edqm.eu/#",
      "concept" : [{
        "code" : "0001",
        "display" : "Container"
      },
      {
        "code" : "0002",
        "display" : "Closure"
      },
      {
        "code" : "0003",
        "display" : "Administration device"
      }]
    }]
  }
}