<?xml version="1.0" encoding="UTF-8"?><ValueSet xmlns="http://hl7.org/fhir"><id value="combination-pack"/><text><status value="generated"/><div xmlns="http://www.w3.org/1999/xhtml"><ul><li>Include these codes as defined in <code>https://standardterms.edqm.eu/#</code><table class="none"><tr><td style="white-space:nowrap"><b>Code</b></td><td><b>Display</b></td></tr><tr><td>14001000</td><td>Cream + pessary</td></tr><tr><td>14002000</td><td>Cutaneous solution + medicated sponge</td></tr><tr><td>14003000</td><td>Gastro-resistant tablet + rectal suspension</td></tr><tr><td>14004000</td><td>Vaginal capsule, soft + vaginal cream</td></tr><tr><td>14005000</td><td>Vaginal cream + vaginal tablet</td></tr><tr><td>14006000</td><td>Effervescent granules + film-coated tablet</td></tr><tr><td>14007000</td><td>Effervescent tablet + film-coated tablet</td></tr><tr><td>14008000</td><td>Tablet + vaginal tablet</td></tr><tr><td>14009000</td><td>Cream + vaginal capsule, soft</td></tr><tr><td>14010000</td><td>Cream + vaginal tablet</td></tr><tr><td>14011000</td><td>Film-coated tablet + pessary</td></tr><tr><td>14012000</td><td>Capsule, soft + tablet</td></tr><tr><td>14013000</td><td>Capsule, hard + tablet</td></tr><tr><td>14014000</td><td>Film-coated tablet + tablet</td></tr><tr><td>14015000</td><td>Ointment + vaginal tablet</td></tr><tr><td>14016000</td><td>Effervescent granules + gastro-resistant tablet</td></tr><tr><td>14017000</td><td>Eye drops, solution + eye ointment</td></tr></table></li></ul><p><b>Additional Language Displays</b></p><table class="codes"><tr><td><b>Code</b></td><td><b>bg</b></td><td><b>bs</b></td><td><b>Czech (cs)</b></td><td><b>Dansk (Danish, da)</b></td><td><b>Deutsch (Deutschland) (German (Germany), de)</b></td><td><b>Greek (el)</b></td><td><b>Spanish (Spain) (es)</b></td><td><b>et</b></td><td><b>Finnish (fi)</b></td><td><b>French (France) (fr)</b></td><td><b>ga</b></td><td><b>Croatian (hr)</b></td><td><b>is</b></td><td><b>Italian (Italy) (it)</b></td><td><b>lt</b></td><td><b>lv</b></td><td><b>Nederlands (Nederland) (Dutch (Netherlands), nl)</b></td><td><b>Norwegian (Norway) (no)</b></td><td><b>Polskie (Polish, pl)</b></td><td><b>Portuguese (pt)</b></td><td><b>ro</b></td><td><b>Русский (Россия) (Russian (Russia), ru)</b></td><td><b>sk</b></td><td><b>sl</b></td><td><b>Serbian (Serbia) (sr)</b></td><td><b>Swedish (Sweden) (sv)</b></td><td><b>tr</b></td></tr><tr><td>14001000</td><td>Крем + песар</td><td></td><td>Krém + vaginální kulička</td><td></td><td>Creme und Vaginalzäpfchen</td><td>Κρέμα +  Κολπικό υπόθετο</td><td>Crema + óvulo</td><td>Kreem + vaginaalsuposiit</td><td>Emulsiovoide + emätinpuikko</td><td>Crème + ovule</td><td>Uachtar + peasaire</td><td>Krema + vagitorij</td><td>Krem + leggangastíll</td><td>Crema + ovulo</td><td>Kremas ir ovulė</td><td>Krēms+pesārijs</td><td>Crème + ovule</td><td>Krem + vagitorie</td><td>Krem + globulka</td><td>Creme + óvulo</td><td>Cremă + ovul</td><td>Крем + пессарий</td><td>Krém + vaginálna guľôčka</td><td>Krema + vaginalna globula</td><td>Krem + vagitorija</td><td>Kräm+ vagitorium</td><td>Krem + ovül</td></tr><tr><td>14002000</td><td>Разтвор за кожа + лечебна гъба</td><td></td><td>Kožní roztok + léčivá hubka</td><td></td><td></td><td>Δερματικό διάλυμα + Σπόγγος φαρμακούχος</td><td>Solución cutánea + esponja medicamentosa</td><td>Nahalahus + ravimkäsn</td><td>Liuos iholle + lääketyyny</td><td>Solution cutanée + éponge médicamenteuse</td><td>Tuaslagán craicneach + spúinse íocleasaithe</td><td>Otopina za kožu + ljekovita spužvica</td><td>Húðlausn + lyfjasvampur</td><td>Soluzione cutanea + spugna medicata</td><td>Odos tirpalas ir vaistinė kempinė</td><td>Uz ādas lietojams šķīdums + ārstnieciskais sūklis</td><td>Oplossing voor cutaan gebruik + medicinale spons</td><td>Liniment, oppløsning + medisinert svamp</td><td>Roztwór na skórę + gąbka lecznicza</td><td>Solução cutânea + esponja medicamentosa</td><td>Soluție cutanată + burete medicamentos</td><td>Раствор накожный + губка лекарственная</td><td>Dermálny roztok + liečivá hubka</td><td>Dermalna raztopina + zdravilna gobica</td><td>Rastvor za kožu + lekoviti sunđer</td><td>Kutan lösning + medicinerad svamp</td><td>Deri çözeltisi + tıbbi sünger</td></tr><tr><td>14003000</td><td>Стомашно-устойчива таблетка + ректална суспензия</td><td></td><td>Enterosolventní tableta + rektální suspenze</td><td></td><td>Magensaftresistente Tablette und Rektalsuspension</td><td>Γαστροανθεκτικό δισκίο + Ορθικό εναιώρημα</td><td>Comprimido gastrorresistente + suspensión rectal</td><td>Gastroresistentne tablett + rektaalsuspensioon</td><td>Enterotabletti + peräruiskesuspensio</td><td>Comprimé gastrorésistant + suspension rectale</td><td>Táibléad gastraifhriotaíoch + fuaidreán reicteach</td><td>Želučanootporna tableta + rektalna suspenzija</td><td>Magasýruþolin tafla + endaþarmsdreifa</td><td>Compressa gastroresistente + sospensione rettale</td><td>Skrandyje neiri tabletė ir tiesiosios žarnos suspensija</td><td>Zarnās šķīstošā tablete + rektālā suspensija</td><td>Maagsapresistente tablet + suspensie voor rectaal gebruik</td><td>Enterotablett + rektalvæske, suspensjon</td><td>Tabletka dojelitowa + zawiesina doodbytnicza</td><td>Comprimido gastrorresistente + suspensão retal</td><td>Comprimat gastrorezistent + suspensie rectală</td><td>Таблетка кишечнорастворимая + суспензия ректальная</td><td>Gastrorezistentná tableta + rektálna suspenzia</td><td>Gastrorezistentna tableta + rektalna suspenzija</td><td>Gastrorezistentna tableta + rektalna suspenzija</td><td>Enterotablett + rektalsuspension</td><td>Midede dayanıklı tablet + makattan süspansiyon</td></tr><tr><td>14004000</td><td>Вагинална капсула, мека + вагинален крем</td><td></td><td>Měkká vaginální tobolka + vaginální krém</td><td></td><td>Weichkapsel zur vaginalen Anwendung und Vaginalcreme</td><td>Κολπικό καψάκιο, μαλακό + κολπική κρέμα</td><td>Cápsula blanda vaginal + crema vaginal</td><td>Vaginaalpehmekapsel + vaginaalkreem</td><td>Emätinpuikko, pehmeä kapseli + emätinemulsiovoide</td><td>Capsule molle vaginale + crème vaginale</td><td>Capsúl faighne, bog + uachtar faighne</td><td>Kapsula za rodnicu, meka + krema za rodnicu</td><td>Mjúkt leggangahylki + leggangakrem</td><td>Capsula molle vaginale + crema vaginale</td><td>Makšties minkštoji kapsulė ir makšties kremas</td><td>Vaginālā kapsula, mīkstā + vaginālais krēms</td><td>Capsule voor vaginaal gebruik, zacht + crème voor vaginaal gebruik</td><td>Vaginalkapsel, myk + vaginalkrem</td><td>Kapsułka dopochwowa, miękka + krem dopochwowy</td><td>Cápsula mole vaginal + creme vaginal</td><td>Capsulă moale vaginală + cremă vaginală</td><td>Капсула вагинальная, мягкая + крем вагинальный</td><td>Mäkká vaginálna kapsula + vaginálny krém</td><td>Vaginalna kapsula, mehka + vaginalna krema</td><td>Vaginalna kapsula, meka + vaginalni krem</td><td>Vaginalkapsel, mjuk + vaginalkräm</td><td>Vajinal kapsül, yumuşak + vajinal krem</td></tr><tr><td>14005000</td><td>Вагинален крем + вагинална таблетка</td><td></td><td>Vaginální krém + vaginální tableta</td><td></td><td>Vaginalcreme und Vaginaltablette</td><td>Κολπική κρέμα + κολπικό δισκίο</td><td>Crema vaginal + comprimido vaginal</td><td>Vaginaalkreem + vaginaaltablett</td><td>Emätinemulsiovoide + emätinpuikko, tabletti</td><td>Crème vaginale + comprimé vaginal</td><td>Uachtar faighne + táibléad faighne</td><td>Krema za rodnicu + tableta za rodnicu</td><td>Leggangakrem + leggangatafla</td><td>Crema vaginale + compressa vaginale</td><td>Makšties kremas ir makšties tabletė</td><td>Vaginālais krēms + vaginālā tablete</td><td>Crème voor vaginaal gebruik + tablet voor vaginaal gebruik</td><td>Vaginalkrem + vaginaltablett</td><td>Krem dopochwowy + tabletka dopochwowa</td><td>Creme vaginal + comprimido vaginal</td><td>Cremă vaginală + comprimat vaginal</td><td>Крем вагинальный + таблетка вагинальная</td><td>Vaginálny krém + vaginálna tableta</td><td>Vaginalna krema + vaginalna tableta</td><td>Vaginalni krem + vaginalna tableta</td><td>Vaginalkräm + vaginaltablett</td><td>Vajinal krem + vajinal tablet</td></tr><tr><td>14006000</td><td>Ефервесцентни гранули + филмирана таблетка</td><td></td><td>Šumivé granule + potahovaná tableta</td><td></td><td>Brausegranulat und Filmtablette</td><td>Αναβράζοντα κοκκία + επικαλυμμένο με λεπτό υμένιο δισκίο</td><td>Granulado efervescente + comprimido recubierto con película</td><td>Kihisevad graanulid + õhukese polümeerikattega tablett</td><td>Porerakeet + kalvopäällysteinen tabletti</td><td>Granulés effervescents + comprimé pelliculé</td><td>Gráinníní broidearnúla + táibléad sceobhrataithe</td><td>Šumeće granule + filmom obložena tableta</td><td>Freyðikyrni + filmuhúðuð tafla</td><td>Granulato effervescente + compressa rivestita con film</td><td>Šnypščiosios granulės ir plėvele dengta tabletė</td><td>Putojošās granulas + apvalkotā tablete</td><td>Bruisgranulaat + filmomhulde tablet</td><td>Brusegranulat + tablett, filmdrasjert</td><td>Granulat musujący + tabletka powlekana</td><td>Granulado efervescente + comprimido revestido por película</td><td>Granule efervescente + comprimat filmat</td><td>Гранулы шипучие + таблетка, покрытая пленочной оболочкой</td><td>Šumivý granulát + filmom obalená tableta</td><td>Šumeča zrnca + filmsko obložena tableta</td><td>Šumeće granule + film tableta</td><td>Brusgranulat + filmdragerad tablett</td><td>Fışırdayan granül + film kaplı tablet</td></tr><tr><td>14007000</td><td>Ефервесцентна таблетка + филмирана таблетка</td><td></td><td>Šumivá tableta + potahovaná tableta</td><td></td><td>Brausetablette und Filmtablette</td><td>Αναβράζον δισκίο +  επικαλυμμένο με λεπτό υμένιο δισκίο</td><td>Comprimido efervescente + comprimido recubierto con película</td><td>Kihisev tablett + õhukese polümeerikattega tablett</td><td>Poretabletti + kalvopäällysteinen tabletti</td><td>Comprimé effervescent + comprimé pelliculé</td><td>Táibléad broidearnúil + táibléad sceobhrataithe</td><td>Šumeća tableta + filmom obložena tableta</td><td>Freyðitafla + filmuhúðuð tafla</td><td>Compressa effervescente + compressa rivestita con film</td><td>Šnypščioji tabletė ir plėvele dengta tabletė</td><td>Putojošā tablete + apvalkotā tablete</td><td>Bruistablet + filmomhulde tablet</td><td>Brusetablett + tablett, filmdrasjert</td><td>Tabletka musująca + tabletka powlekana</td><td>Comprimido efervescente + comprimido revestido por película</td><td>Comprimat efervescent + comprimat filmat</td><td>Таблетка шипучая + таблетка, покрытая пленочной оболочкой</td><td>Šumivá tableta + filmom obalená tableta</td><td>Šumeča tableta + filmsko obložena tableta</td><td>Šumeća tableta + film tableta</td><td>Brustablett + filmdragerad tablett</td><td>Fışırdayan tablet + film kaplı tablet</td></tr><tr><td>14008000</td><td>Таблетка + вагинална таблетка</td><td></td><td>Tableta + vaginální tableta</td><td>Tablet + Vaginaltablet</td><td>Tablette und Vaginaltablette</td><td>Δισκίο + κολπικό δισκίο</td><td>Comprimido + comprimido vaginal</td><td>Tablett + vaginaaltablett</td><td>Tabletti + emätinpuikko, tabletti</td><td>Comprimé + comprimé vaginal</td><td>Táibléad + táibléad faighne</td><td>Tableta + tableta za rodnicu</td><td>Tafla + leggangatafla</td><td>Compressa + compressa vaginale</td><td>Tabletė ir makšties tabletė</td><td>Tablete + vaginālā tablete</td><td>Tablet + tablet voor vaginaal gebruik</td><td>Tablett + vaginaltablett</td><td>Tabletka + tabletka dopochwowa</td><td>Comprimido + comprimido vaginal</td><td>Comprimat + comprimat vaginal</td><td>Таблетка + таблетка вагинальная</td><td>Tableta + vaginálna tableta</td><td>Tableta + vaginalna tableta</td><td>Tableta + vaginalna tableta</td><td>Tablett + vaginaltablett</td><td>Tablet + vajinal tablet</td></tr><tr><td>14009000</td><td>Крем + вагинална капсула, мека</td><td></td><td>Krém + měkká vaginální tobolka</td><td>Creme + vaginalkapsel, blød</td><td>Creme und Weichkapsel zur vaginalen Anwendung</td><td>Κρέμα + κολπικό καψάκιο, μαλακό</td><td>Crema + cápsula vaginal blanda</td><td>Kreem + vaginaalpehmekapsel</td><td>Emulsiovoide + emätinpuikko, kapseli, pehmeä</td><td>Crème + capsule molle vaginale</td><td>Uachtar + capsúl faighne, bog</td><td>Krema + kapsula za rodnicu, meka</td><td>Krem + mjúkt leggangahylki</td><td>Crema + capsula molle vaginale</td><td>Kremas ir makšties minkštoji kapsulė</td><td>Krēms + vaginālā kapsula, mīkstā</td><td>Crème + capsule voor vaginaal gebruik, zacht</td><td>Krem + vaginalkapsel, myk</td><td>Krem + kapsułka dopochwowa, miękka</td><td>Creme + cápsula mole vaginal</td><td>Cremă + capsulă moale vaginală</td><td>Крем + капсула вагинальная, мягкая</td><td>Krém + mäkká vaginálna kapsula</td><td>Krema + vaginalna kapsula, mehka</td><td>Krem + vaginalna kapsula, meka</td><td>Kräm + vaginalkapsel, mjuk</td><td>Krem + vajinal kapsül, yumuşak</td></tr><tr><td>14010000</td><td>Крем + вагинална таблетка</td><td></td><td>Krém + vaginální tableta</td><td>Creme + vaginaltablet</td><td>Creme und Vaginaltablette</td><td>Κρέμα + κολπικό δισκίο</td><td>Crema + comprimido vaginal</td><td>Kreem + vaginaaltablett</td><td>Emulsiovoide + emätinpuikko, tabletti</td><td>Crème + comprimé vaginal</td><td>Uachtar + táibléad faighne</td><td>Krema + tableta za rodnicu</td><td>Krem + leggangatafla</td><td>Crema + compressa vaginale</td><td>Kremas ir makšties tabletė</td><td>Krēms + vaginālā tablete</td><td>Crème + tablet voor vaginaal gebruik</td><td>Krem + vaginaltablett</td><td>Krem + tabletka dopochwowa</td><td>Creme + comprimido vaginal</td><td>Cremă + comprimat vaginal</td><td>Крем + таблетка вагинальная</td><td>Krém + vaginálna tableta</td><td>Krema + vaginalna tableta</td><td>Krem + vaginalna tableta</td><td>Kräm + vaginaltablett</td><td>Krem + vajinal tablet</td></tr><tr><td>14011000</td><td>Филмирана таблетка + песар</td><td>Filmom obložena tableta + vagitorija</td><td>Potahovaná tableta  + vaginální kulička</td><td>Filmovertrukket tablet + vagitorie</td><td>Filmtablette und Vaginalzäpfchen</td><td>Επικαλυμμένο με λεπτό υμένιο δισκίο + κολπικό υπόθετο</td><td>Comprimido recubierto con película + óvulo</td><td>Õhukese polümeerikattega tablett + vaginaalsuposiit</td><td>Tabletti, kalvopäällysteinen + emätinpuikko</td><td></td><td>Táibléad sceobhrataithe + peasaire</td><td>Filmom obložena tableta + vagitorij</td><td>Filmuhúðuð tafla + leggangastíll</td><td>Compressa rivestita con film + ovulo</td><td>Plėvele dengta tabletė ir ovulė</td><td>Apvalkotā tablete + pesārijs</td><td>Filmomhulde tablet + ovule</td><td>Tablett, filmdrasjert + vagitorie</td><td>Tabletka powlekana + globulka</td><td>Comprimido revestido por película + óvulo</td><td>Comprimat filmat + ovul</td><td>Таблетка, покрытая пленочной оболочкой, + пессарий</td><td></td><td>Filmsko obložena tableta + vaginalna globula</td><td>Film tableta + vagitorija</td><td>Filmdragerad tablett + vagitorium</td><td></td></tr><tr><td>14012000</td><td>Капсула, мека + таблетка</td><td>Kapsula, meka + tableta</td><td>Měkká tobolka + tableta</td><td>Kapsel, blød + tablet</td><td>Weichkapsel und Tablette</td><td></td><td>Cápsula blanda + comprimido</td><td>Pehmekapsel + tablett</td><td>Kapseli, pehmeä + tabletti</td><td></td><td>Capsúl, bog + táibléad</td><td>Kapsula, meka + tableta</td><td>Mjúkt hylki + tafla</td><td>Capsula molle + compressa</td><td>Minkštoji kapsulė ir tabletė</td><td>Kapsula, mīkstā + tablete</td><td>Capsule, zacht + tablet</td><td>Kapsel, myk + tablett</td><td>Kapsułka, miękka + tabletka</td><td>Cápsula mole + comprimido</td><td>Capsulă moale + comprimat</td><td>Капсула, мягкая + таблетка</td><td>Mäkká kapsula + tableta</td><td>Kapsula, mehka + tableta</td><td>Kapsula, meka + tableta</td><td>Kapsel, mjuk + tablett</td><td></td></tr><tr><td>14013000</td><td>Капсула, твърда + таблетка</td><td>Kapsula, tvrda + tableta</td><td>Tvrdá tobolka + tableta</td><td>Kapsel, hård + tablet</td><td>Hartkapsel und Tablette</td><td></td><td>Cápsula dura + comprimido</td><td>Kõvakapsel + tablett</td><td>Kapseli, kova + tabletti</td><td></td><td>Capsúl, crua + táibléad</td><td>Kapsula, tvrda + tableta</td><td>Hart hylki + tafla</td><td>Capsula rigida + compressa</td><td>Kietoji kapsulė ir tabletė</td><td>Kapsula, cietā + tablete</td><td>Capsule, hard + tablet</td><td>Kapsel, hard + tablett</td><td>Kapsułka, twarda + tabletka</td><td>Cápsula + comprimido</td><td>Capsulă + comprimat</td><td>Капсула, твердая + таблетка</td><td>Tvrdá kapsula + tableta</td><td>Kapsula, trda + tableta</td><td>Kapsula, tvrda + tableta</td><td>Kapsel, hård + tablett</td><td></td></tr><tr><td>14014000</td><td>Филмирана таблетка + таблетка</td><td>Filmom obložena tableta + tableta</td><td>Potahovaná tableta  + tableta</td><td>Filmovertrukket tablet + tablet</td><td>Filmtablette und Tablette</td><td></td><td>Comprimido recubierto con película + comprimido</td><td>Õhukese polümeerikattega tablett + tablett</td><td>Tabletti, kalvopäällysteinen + tabletti</td><td></td><td>Táibléad sceobhrataithe + táibléad</td><td>Filmom obložena tableta + tableta</td><td>Filmuhúðuð tafla + tafla</td><td>Compressa rivestita con film + compressa</td><td>Plėvele dengta tabletė ir tabletė</td><td>Apvalkotā tablete + tablete</td><td>Filmomhulde tablet + tablet</td><td>Tablett, filmdrasjert + tablett</td><td>Tabletka powlekana + tabletka</td><td>Comprimido revestido por película + comprimido</td><td>Comprimat filmat + comprimat</td><td>Таблетка, покрытая пленочной оболочкой, + таблетка</td><td>Filmom obalená tableta + tableta</td><td>Filmsko obložena tableta + tableta</td><td>Film tableta + tableta</td><td>Filmdragerad tablett + tablett</td><td></td></tr><tr><td>14015000</td><td>Маз + вагинална таблетка</td><td></td><td>Mast + vaginální tableta</td><td></td><td></td><td></td><td>Pomada + comprimido vaginal</td><td>Salv + vaginaaltablett</td><td>Voide + emätinpuikko, tabletti</td><td></td><td>Ungadh + táibléad faighne</td><td>Mast + tableta za rodnicu</td><td>Smyrsli + leggangatafla</td><td>Unguento + compressa vaginale</td><td>Tepalas ir makšties tabletė</td><td></td><td>Zalf + tablet voor vaginaal gebruik</td><td>Salve + vaginaltablett</td><td>Maść + tabletka dopochwowa</td><td>Pomada + Comprimido vaginal</td><td></td><td>Мазь + таблетка вагинальная</td><td></td><td>Mazilo + vaginalna tableta</td><td></td><td>Salva + vaginaltablett</td><td></td></tr><tr><td>14016000</td><td>Ефервесцентни гранули + стомашно-устойчива таблетка</td><td></td><td>Šumivé granule + enterosolventní tableta</td><td></td><td></td><td></td><td>Granulado efervescente + Comprimido gastrorresistente</td><td>Kihisevad graanulid + gastroresistentne tablett</td><td>Porerakeet + enterotabletti</td><td>Granulés effervescents + comprimé gastrorésistant</td><td>Gráinníní broidearnúla + táibléad gastraifhriotaíoch</td><td>Šumeće granule + želučanootporna tableta</td><td>Freyðikyrni + magasýruþolin tafla</td><td>Granulato effervescente + compressa gastroresistente</td><td>Šnypščiosios granulės ir skrandyje neiri tabletė</td><td></td><td>Bruisgranulaat + maagsapresistente tablet</td><td>Brusegranulat + enterotablett</td><td>Granulat musujący + tabletka dojelitowa</td><td>Granulado efervescente + comprimido gastrorresistente</td><td></td><td>Гранулы шипучие + таблетки кишечнорастворимые</td><td></td><td>Šumeča zrnca + gastrorezistentna tableta</td><td></td><td>Brusgranulat + enterotablett</td><td></td></tr><tr><td>14017000</td><td></td><td></td><td></td><td></td><td></td><td></td><td></td><td>Silmatilgad, lahus + silmasalv</td><td>Silmätipat, liuos + silmävoide</td><td></td><td></td><td></td><td></td><td></td><td></td><td></td><td>Oogdruppels, oplossing + oogzalf</td><td>Øyedråper, oppløsning + øyesalve</td><td></td><td></td><td></td><td></td><td></td><td></td><td></td><td>Ögondroppar, lösning + ögonsalva</td><td></td></tr></table></div></text><url value="learning-ig.censacrof.github.com/ValueSet/combination-pack"/><version value="0.1.0"/><name value="CombinationPack"/><title value="Combination pack"/><status value="active"/><experimental value="false"/><date value="2022-12-15T15:54:12+00:00"/><publisher value="Example Publisher"/><contact><name value="Example Publisher"/><telecom><system value="url"/><value value="https://censacrof.github.io/learning-ig/branches/master/"/></telecom></contact><description value="ValueSet Combination pack from EDQM, CMP, see https://standardterms.edqm.eu/#"/><immutable value="false"/><compose><include><system value="https://standardterms.edqm.eu/#"/><concept><code value="14001000"/><display value="Cream + pessary"/><designation><language value="bg-BG"/><value value="Крем + песар"/></designation><designation><language value="cs-CZ"/><value value="Krém + vaginální kulička"/></designation><designation><language value="de-DE"/><value value="Creme und Vaginalzäpfchen"/></designation><designation><language value="el-GR"/><value value="Κρέμα +  Κολπικό υπόθετο"/></designation><designation><language value="es-ES"/><value value="Crema + óvulo"/></designation><designation><language value="et-EE"/><value value="Kreem + vaginaalsuposiit"/></designation><designation><language value="fi-FI"/><value value="Emulsiovoide + emätinpuikko"/></designation><designation><language value="fr-FR"/><value value="Crème + ovule"/></designation><designation><language value="ga-EU"/><value value="Uachtar + peasaire"/></designation><designation><language value="hr-HR"/><value value="Krema + vagitorij"/></designation><designation><language value="is-IS"/><value value="Krem + leggangastíll"/></designation><designation><language value="it-IT"/><value value="Crema + ovulo"/></designation><designation><language value="lt-LT"/><value value="Kremas ir ovulė"/></designation><designation><language value="lv-LV"/><value value="Krēms+pesārijs"/></designation><designation><language value="nl-NL"/><value value="Crème + ovule"/></designation><designation><language value="no-NO"/><value value="Krem + vagitorie"/></designation><designation><language value="pl-PL"/><value value="Krem + globulka"/></designation><designation><language value="pt-PT"/><value value="Creme + óvulo"/></designation><designation><language value="ro-RO"/><value value="Cremă + ovul"/></designation><designation><language value="ru-RU"/><value value="Крем + пессарий"/></designation><designation><language value="sk-SK"/><value value="Krém + vaginálna guľôčka"/></designation><designation><language value="sl-SI"/><value value="Krema + vaginalna globula"/></designation><designation><language value="sr-RS"/><value value="Krem + vagitorija"/></designation><designation><language value="sv-SE"/><value value="Kräm+ vagitorium"/></designation><designation><language value="tr-TR"/><value value="Krem + ovül"/></designation></concept><concept><code value="14002000"/><display value="Cutaneous solution + medicated sponge"/><designation><language value="bg-BG"/><value value="Разтвор за кожа + лечебна гъба"/></designation><designation><language value="cs-CZ"/><value value="Kožní roztok + léčivá hubka"/></designation><designation><language value="el-GR"/><value value="Δερματικό διάλυμα + Σπόγγος φαρμακούχος"/></designation><designation><language value="es-ES"/><value value="Solución cutánea + esponja medicamentosa"/></designation><designation><language value="et-EE"/><value value="Nahalahus + ravimkäsn"/></designation><designation><language value="fi-FI"/><value value="Liuos iholle + lääketyyny"/></designation><designation><language value="fr-FR"/><value value="Solution cutanée + éponge médicamenteuse"/></designation><designation><language value="ga-EU"/><value value="Tuaslagán craicneach + spúinse íocleasaithe"/></designation><designation><language value="hr-HR"/><value value="Otopina za kožu + ljekovita spužvica"/></designation><designation><language value="is-IS"/><value value="Húðlausn + lyfjasvampur"/></designation><designation><language value="it-IT"/><value value="Soluzione cutanea + spugna medicata"/></designation><designation><language value="lt-LT"/><value value="Odos tirpalas ir vaistinė kempinė"/></designation><designation><language value="lv-LV"/><value value="Uz ādas lietojams šķīdums + ārstnieciskais sūklis"/></designation><designation><language value="nl-NL"/><value value="Oplossing voor cutaan gebruik + medicinale spons"/></designation><designation><language value="no-NO"/><value value="Liniment, oppløsning + medisinert svamp"/></designation><designation><language value="pl-PL"/><value value="Roztwór na skórę + gąbka lecznicza"/></designation><designation><language value="pt-PT"/><value value="Solução cutânea + esponja medicamentosa"/></designation><designation><language value="ro-RO"/><value value="Soluție cutanată + burete medicamentos"/></designation><designation><language value="ru-RU"/><value value="Раствор накожный + губка лекарственная"/></designation><designation><language value="sk-SK"/><value value="Dermálny roztok + liečivá hubka"/></designation><designation><language value="sl-SI"/><value value="Dermalna raztopina + zdravilna gobica"/></designation><designation><language value="sr-RS"/><value value="Rastvor za kožu + lekoviti sunđer"/></designation><designation><language value="sv-SE"/><value value="Kutan lösning + medicinerad svamp"/></designation><designation><language value="tr-TR"/><value value="Deri çözeltisi + tıbbi sünger"/></designation></concept><concept><code value="14003000"/><display value="Gastro-resistant tablet + rectal suspension"/><designation><language value="bg-BG"/><value value="Стомашно-устойчива таблетка + ректална суспензия"/></designation><designation><language value="cs-CZ"/><value value="Enterosolventní tableta + rektální suspenze"/></designation><designation><language value="de-DE"/><value value="Magensaftresistente Tablette und Rektalsuspension"/></designation><designation><language value="el-GR"/><value value="Γαστροανθεκτικό δισκίο + Ορθικό εναιώρημα"/></designation><designation><language value="es-ES"/><value value="Comprimido gastrorresistente + suspensión rectal"/></designation><designation><language value="et-EE"/><value value="Gastroresistentne tablett + rektaalsuspensioon"/></designation><designation><language value="fi-FI"/><value value="Enterotabletti + peräruiskesuspensio"/></designation><designation><language value="fr-FR"/><value value="Comprimé gastrorésistant + suspension rectale"/></designation><designation><language value="ga-EU"/><value value="Táibléad gastraifhriotaíoch + fuaidreán reicteach"/></designation><designation><language value="hr-HR"/><value value="Želučanootporna tableta + rektalna suspenzija"/></designation><designation><language value="is-IS"/><value value="Magasýruþolin tafla + endaþarmsdreifa"/></designation><designation><language value="it-IT"/><value value="Compressa gastroresistente + sospensione rettale"/></designation><designation><language value="lt-LT"/><value value="Skrandyje neiri tabletė ir tiesiosios žarnos suspensija"/></designation><designation><language value="lv-LV"/><value value="Zarnās šķīstošā tablete + rektālā suspensija"/></designation><designation><language value="nl-NL"/><value value="Maagsapresistente tablet + suspensie voor rectaal gebruik"/></designation><designation><language value="no-NO"/><value value="Enterotablett + rektalvæske, suspensjon"/></designation><designation><language value="pl-PL"/><value value="Tabletka dojelitowa + zawiesina doodbytnicza"/></designation><designation><language value="pt-PT"/><value value="Comprimido gastrorresistente + suspensão retal"/></designation><designation><language value="ro-RO"/><value value="Comprimat gastrorezistent + suspensie rectală"/></designation><designation><language value="ru-RU"/><value value="Таблетка кишечнорастворимая + суспензия ректальная"/></designation><designation><language value="sk-SK"/><value value="Gastrorezistentná tableta + rektálna suspenzia"/></designation><designation><language value="sl-SI"/><value value="Gastrorezistentna tableta + rektalna suspenzija"/></designation><designation><language value="sr-RS"/><value value="Gastrorezistentna tableta + rektalna suspenzija"/></designation><designation><language value="sv-SE"/><value value="Enterotablett + rektalsuspension"/></designation><designation><language value="tr-TR"/><value value="Midede dayanıklı tablet + makattan süspansiyon"/></designation></concept><concept><code value="14004000"/><display value="Vaginal capsule, soft + vaginal cream"/><designation><language value="bg-BG"/><value value="Вагинална капсула, мека + вагинален крем"/></designation><designation><language value="cs-CZ"/><value value="Měkká vaginální tobolka + vaginální krém"/></designation><designation><language value="de-DE"/><value value="Weichkapsel zur vaginalen Anwendung und Vaginalcreme"/></designation><designation><language value="el-GR"/><value value="Κολπικό καψάκιο, μαλακό + κολπική κρέμα"/></designation><designation><language value="es-ES"/><value value="Cápsula blanda vaginal + crema vaginal"/></designation><designation><language value="et-EE"/><value value="Vaginaalpehmekapsel + vaginaalkreem"/></designation><designation><language value="fi-FI"/><value value="Emätinpuikko, pehmeä kapseli + emätinemulsiovoide"/></designation><designation><language value="fr-FR"/><value value="Capsule molle vaginale + crème vaginale"/></designation><designation><language value="ga-EU"/><value value="Capsúl faighne, bog + uachtar faighne"/></designation><designation><language value="hr-HR"/><value value="Kapsula za rodnicu, meka + krema za rodnicu"/></designation><designation><language value="is-IS"/><value value="Mjúkt leggangahylki + leggangakrem"/></designation><designation><language value="it-IT"/><value value="Capsula molle vaginale + crema vaginale"/></designation><designation><language value="lt-LT"/><value value="Makšties minkštoji kapsulė ir makšties kremas"/></designation><designation><language value="lv-LV"/><value value="Vaginālā kapsula, mīkstā + vaginālais krēms"/></designation><designation><language value="nl-NL"/><value value="Capsule voor vaginaal gebruik, zacht + crème voor vaginaal gebruik"/></designation><designation><language value="no-NO"/><value value="Vaginalkapsel, myk + vaginalkrem"/></designation><designation><language value="pl-PL"/><value value="Kapsułka dopochwowa, miękka + krem dopochwowy"/></designation><designation><language value="pt-PT"/><value value="Cápsula mole vaginal + creme vaginal"/></designation><designation><language value="ro-RO"/><value value="Capsulă moale vaginală + cremă vaginală"/></designation><designation><language value="ru-RU"/><value value="Капсула вагинальная, мягкая + крем вагинальный"/></designation><designation><language value="sk-SK"/><value value="Mäkká vaginálna kapsula + vaginálny krém"/></designation><designation><language value="sl-SI"/><value value="Vaginalna kapsula, mehka + vaginalna krema"/></designation><designation><language value="sr-RS"/><value value="Vaginalna kapsula, meka + vaginalni krem"/></designation><designation><language value="sv-SE"/><value value="Vaginalkapsel, mjuk + vaginalkräm"/></designation><designation><language value="tr-TR"/><value value="Vajinal kapsül, yumuşak + vajinal krem"/></designation></concept><concept><code value="14005000"/><display value="Vaginal cream + vaginal tablet"/><designation><language value="bg-BG"/><value value="Вагинален крем + вагинална таблетка"/></designation><designation><language value="cs-CZ"/><value value="Vaginální krém + vaginální tableta"/></designation><designation><language value="de-DE"/><value value="Vaginalcreme und Vaginaltablette"/></designation><designation><language value="el-GR"/><value value="Κολπική κρέμα + κολπικό δισκίο"/></designation><designation><language value="es-ES"/><value value="Crema vaginal + comprimido vaginal"/></designation><designation><language value="et-EE"/><value value="Vaginaalkreem + vaginaaltablett"/></designation><designation><language value="fi-FI"/><value value="Emätinemulsiovoide + emätinpuikko, tabletti"/></designation><designation><language value="fr-FR"/><value value="Crème vaginale + comprimé vaginal"/></designation><designation><language value="ga-EU"/><value value="Uachtar faighne + táibléad faighne"/></designation><designation><language value="hr-HR"/><value value="Krema za rodnicu + tableta za rodnicu"/></designation><designation><language value="is-IS"/><value value="Leggangakrem + leggangatafla"/></designation><designation><language value="it-IT"/><value value="Crema vaginale + compressa vaginale"/></designation><designation><language value="lt-LT"/><value value="Makšties kremas ir makšties tabletė"/></designation><designation><language value="lv-LV"/><value value="Vaginālais krēms + vaginālā tablete"/></designation><designation><language value="nl-NL"/><value value="Crème voor vaginaal gebruik + tablet voor vaginaal gebruik"/></designation><designation><language value="no-NO"/><value value="Vaginalkrem + vaginaltablett"/></designation><designation><language value="pl-PL"/><value value="Krem dopochwowy + tabletka dopochwowa"/></designation><designation><language value="pt-PT"/><value value="Creme vaginal + comprimido vaginal"/></designation><designation><language value="ro-RO"/><value value="Cremă vaginală + comprimat vaginal"/></designation><designation><language value="ru-RU"/><value value="Крем вагинальный + таблетка вагинальная"/></designation><designation><language value="sk-SK"/><value value="Vaginálny krém + vaginálna tableta"/></designation><designation><language value="sl-SI"/><value value="Vaginalna krema + vaginalna tableta"/></designation><designation><language value="sr-RS"/><value value="Vaginalni krem + vaginalna tableta"/></designation><designation><language value="sv-SE"/><value value="Vaginalkräm + vaginaltablett"/></designation><designation><language value="tr-TR"/><value value="Vajinal krem + vajinal tablet"/></designation></concept><concept><code value="14006000"/><display value="Effervescent granules + film-coated tablet"/><designation><language value="bg-BG"/><value value="Ефервесцентни гранули + филмирана таблетка"/></designation><designation><language value="cs-CZ"/><value value="Šumivé granule + potahovaná tableta"/></designation><designation><language value="de-DE"/><value value="Brausegranulat und Filmtablette"/></designation><designation><language value="el-GR"/><value value="Αναβράζοντα κοκκία + επικαλυμμένο με λεπτό υμένιο δισκίο"/></designation><designation><language value="es-ES"/><value value="Granulado efervescente + comprimido recubierto con película"/></designation><designation><language value="et-EE"/><value value="Kihisevad graanulid + õhukese polümeerikattega tablett"/></designation><designation><language value="fi-FI"/><value value="Porerakeet + kalvopäällysteinen tabletti"/></designation><designation><language value="fr-FR"/><value value="Granulés effervescents + comprimé pelliculé"/></designation><designation><language value="ga-EU"/><value value="Gráinníní broidearnúla + táibléad sceobhrataithe"/></designation><designation><language value="hr-HR"/><value value="Šumeće granule + filmom obložena tableta"/></designation><designation><language value="is-IS"/><value value="Freyðikyrni + filmuhúðuð tafla"/></designation><designation><language value="it-IT"/><value value="Granulato effervescente + compressa rivestita con film"/></designation><designation><language value="lt-LT"/><value value="Šnypščiosios granulės ir plėvele dengta tabletė"/></designation><designation><language value="lv-LV"/><value value="Putojošās granulas + apvalkotā tablete"/></designation><designation><language value="nl-NL"/><value value="Bruisgranulaat + filmomhulde tablet"/></designation><designation><language value="no-NO"/><value value="Brusegranulat + tablett, filmdrasjert"/></designation><designation><language value="pl-PL"/><value value="Granulat musujący + tabletka powlekana"/></designation><designation><language value="pt-PT"/><value value="Granulado efervescente + comprimido revestido por película"/></designation><designation><language value="ro-RO"/><value value="Granule efervescente + comprimat filmat"/></designation><designation><language value="ru-RU"/><value value="Гранулы шипучие + таблетка, покрытая пленочной оболочкой"/></designation><designation><language value="sk-SK"/><value value="Šumivý granulát + filmom obalená tableta"/></designation><designation><language value="sl-SI"/><value value="Šumeča zrnca + filmsko obložena tableta"/></designation><designation><language value="sr-RS"/><value value="Šumeće granule + film tableta"/></designation><designation><language value="sv-SE"/><value value="Brusgranulat + filmdragerad tablett"/></designation><designation><language value="tr-TR"/><value value="Fışırdayan granül + film kaplı tablet"/></designation></concept><concept><code value="14007000"/><display value="Effervescent tablet + film-coated tablet"/><designation><language value="bg-BG"/><value value="Ефервесцентна таблетка + филмирана таблетка"/></designation><designation><language value="cs-CZ"/><value value="Šumivá tableta + potahovaná tableta"/></designation><designation><language value="de-DE"/><value value="Brausetablette und Filmtablette"/></designation><designation><language value="el-GR"/><value value="Αναβράζον δισκίο +  επικαλυμμένο με λεπτό υμένιο δισκίο"/></designation><designation><language value="es-ES"/><value value="Comprimido efervescente + comprimido recubierto con película"/></designation><designation><language value="et-EE"/><value value="Kihisev tablett + õhukese polümeerikattega tablett"/></designation><designation><language value="fi-FI"/><value value="Poretabletti + kalvopäällysteinen tabletti"/></designation><designation><language value="fr-FR"/><value value="Comprimé effervescent + comprimé pelliculé"/></designation><designation><language value="ga-EU"/><value value="Táibléad broidearnúil + táibléad sceobhrataithe"/></designation><designation><language value="hr-HR"/><value value="Šumeća tableta + filmom obložena tableta"/></designation><designation><language value="is-IS"/><value value="Freyðitafla + filmuhúðuð tafla"/></designation><designation><language value="it-IT"/><value value="Compressa effervescente + compressa rivestita con film"/></designation><designation><language value="lt-LT"/><value value="Šnypščioji tabletė ir plėvele dengta tabletė"/></designation><designation><language value="lv-LV"/><value value="Putojošā tablete + apvalkotā tablete"/></designation><designation><language value="nl-NL"/><value value="Bruistablet + filmomhulde tablet"/></designation><designation><language value="no-NO"/><value value="Brusetablett + tablett, filmdrasjert"/></designation><designation><language value="pl-PL"/><value value="Tabletka musująca + tabletka powlekana"/></designation><designation><language value="pt-PT"/><value value="Comprimido efervescente + comprimido revestido por película"/></designation><designation><language value="ro-RO"/><value value="Comprimat efervescent + comprimat filmat"/></designation><designation><language value="ru-RU"/><value value="Таблетка шипучая + таблетка, покрытая пленочной оболочкой"/></designation><designation><language value="sk-SK"/><value value="Šumivá tableta + filmom obalená tableta"/></designation><designation><language value="sl-SI"/><value value="Šumeča tableta + filmsko obložena tableta"/></designation><designation><language value="sr-RS"/><value value="Šumeća tableta + film tableta"/></designation><designation><language value="sv-SE"/><value value="Brustablett + filmdragerad tablett"/></designation><designation><language value="tr-TR"/><value value="Fışırdayan tablet + film kaplı tablet"/></designation></concept><concept><code value="14008000"/><display value="Tablet + vaginal tablet"/><designation><language value="bg-BG"/><value value="Таблетка + вагинална таблетка"/></designation><designation><language value="cs-CZ"/><value value="Tableta + vaginální tableta"/></designation><designation><language value="da-DK"/><value value="Tablet + Vaginaltablet"/></designation><designation><language value="de-DE"/><value value="Tablette und Vaginaltablette"/></designation><designation><language value="el-GR"/><value value="Δισκίο + κολπικό δισκίο"/></designation><designation><language value="es-ES"/><value value="Comprimido + comprimido vaginal"/></designation><designation><language value="et-EE"/><value value="Tablett + vaginaaltablett"/></designation><designation><language value="fi-FI"/><value value="Tabletti + emätinpuikko, tabletti"/></designation><designation><language value="fr-FR"/><value value="Comprimé + comprimé vaginal"/></designation><designation><language value="ga-EU"/><value value="Táibléad + táibléad faighne"/></designation><designation><language value="hr-HR"/><value value="Tableta + tableta za rodnicu"/></designation><designation><language value="is-IS"/><value value="Tafla + leggangatafla"/></designation><designation><language value="it-IT"/><value value="Compressa + compressa vaginale"/></designation><designation><language value="lt-LT"/><value value="Tabletė ir makšties tabletė"/></designation><designation><language value="lv-LV"/><value value="Tablete + vaginālā tablete"/></designation><designation><language value="nl-NL"/><value value="Tablet + tablet voor vaginaal gebruik"/></designation><designation><language value="no-NO"/><value value="Tablett + vaginaltablett"/></designation><designation><language value="pl-PL"/><value value="Tabletka + tabletka dopochwowa"/></designation><designation><language value="pt-PT"/><value value="Comprimido + comprimido vaginal"/></designation><designation><language value="ro-RO"/><value value="Comprimat + comprimat vaginal"/></designation><designation><language value="ru-RU"/><value value="Таблетка + таблетка вагинальная"/></designation><designation><language value="sk-SK"/><value value="Tableta + vaginálna tableta"/></designation><designation><language value="sl-SI"/><value value="Tableta + vaginalna tableta"/></designation><designation><language value="sr-RS"/><value value="Tableta + vaginalna tableta"/></designation><designation><language value="sv-SE"/><value value="Tablett + vaginaltablett"/></designation><designation><language value="tr-TR"/><value value="Tablet + vajinal tablet"/></designation></concept><concept><code value="14009000"/><display value="Cream + vaginal capsule, soft"/><designation><language value="bg-BG"/><value value="Крем + вагинална капсула, мека"/></designation><designation><language value="cs-CZ"/><value value="Krém + měkká vaginální tobolka"/></designation><designation><language value="da-DK"/><value value="Creme + vaginalkapsel, blød"/></designation><designation><language value="de-DE"/><value value="Creme und Weichkapsel zur vaginalen Anwendung"/></designation><designation><language value="el-GR"/><value value="Κρέμα + κολπικό καψάκιο, μαλακό"/></designation><designation><language value="es-ES"/><value value="Crema + cápsula vaginal blanda"/></designation><designation><language value="et-EE"/><value value="Kreem + vaginaalpehmekapsel"/></designation><designation><language value="fi-FI"/><value value="Emulsiovoide + emätinpuikko, kapseli, pehmeä"/></designation><designation><language value="fr-FR"/><value value="Crème + capsule molle vaginale"/></designation><designation><language value="ga-EU"/><value value="Uachtar + capsúl faighne, bog"/></designation><designation><language value="hr-HR"/><value value="Krema + kapsula za rodnicu, meka"/></designation><designation><language value="is-IS"/><value value="Krem + mjúkt leggangahylki"/></designation><designation><language value="it-IT"/><value value="Crema + capsula molle vaginale"/></designation><designation><language value="lt-LT"/><value value="Kremas ir makšties minkštoji kapsulė"/></designation><designation><language value="lv-LV"/><value value="Krēms + vaginālā kapsula, mīkstā"/></designation><designation><language value="nl-NL"/><value value="Crème + capsule voor vaginaal gebruik, zacht"/></designation><designation><language value="no-NO"/><value value="Krem + vaginalkapsel, myk"/></designation><designation><language value="pl-PL"/><value value="Krem + kapsułka dopochwowa, miękka"/></designation><designation><language value="pt-PT"/><value value="Creme + cápsula mole vaginal"/></designation><designation><language value="ro-RO"/><value value="Cremă + capsulă moale vaginală"/></designation><designation><language value="ru-RU"/><value value="Крем + капсула вагинальная, мягкая"/></designation><designation><language value="sk-SK"/><value value="Krém + mäkká vaginálna kapsula"/></designation><designation><language value="sl-SI"/><value value="Krema + vaginalna kapsula, mehka"/></designation><designation><language value="sr-RS"/><value value="Krem + vaginalna kapsula, meka"/></designation><designation><language value="sv-SE"/><value value="Kräm + vaginalkapsel, mjuk"/></designation><designation><language value="tr-TR"/><value value="Krem + vajinal kapsül, yumuşak"/></designation></concept><concept><code value="14010000"/><display value="Cream + vaginal tablet"/><designation><language value="bg-BG"/><value value="Крем + вагинална таблетка"/></designation><designation><language value="cs-CZ"/><value value="Krém + vaginální tableta"/></designation><designation><language value="da-DK"/><value value="Creme + vaginaltablet"/></designation><designation><language value="de-DE"/><value value="Creme und Vaginaltablette"/></designation><designation><language value="el-GR"/><value value="Κρέμα + κολπικό δισκίο"/></designation><designation><language value="es-ES"/><value value="Crema + comprimido vaginal"/></designation><designation><language value="et-EE"/><value value="Kreem + vaginaaltablett"/></designation><designation><language value="fi-FI"/><value value="Emulsiovoide + emätinpuikko, tabletti"/></designation><designation><language value="fr-FR"/><value value="Crème + comprimé vaginal"/></designation><designation><language value="ga-EU"/><value value="Uachtar + táibléad faighne"/></designation><designation><language value="hr-HR"/><value value="Krema + tableta za rodnicu"/></designation><designation><language value="is-IS"/><value value="Krem + leggangatafla"/></designation><designation><language value="it-IT"/><value value="Crema + compressa vaginale"/></designation><designation><language value="lt-LT"/><value value="Kremas ir makšties tabletė"/></designation><designation><language value="lv-LV"/><value value="Krēms + vaginālā tablete"/></designation><designation><language value="nl-NL"/><value value="Crème + tablet voor vaginaal gebruik"/></designation><designation><language value="no-NO"/><value value="Krem + vaginaltablett"/></designation><designation><language value="pl-PL"/><value value="Krem + tabletka dopochwowa"/></designation><designation><language value="pt-PT"/><value value="Creme + comprimido vaginal"/></designation><designation><language value="ro-RO"/><value value="Cremă + comprimat vaginal"/></designation><designation><language value="ru-RU"/><value value="Крем + таблетка вагинальная"/></designation><designation><language value="sk-SK"/><value value="Krém + vaginálna tableta"/></designation><designation><language value="sl-SI"/><value value="Krema + vaginalna tableta"/></designation><designation><language value="sr-RS"/><value value="Krem + vaginalna tableta"/></designation><designation><language value="sv-SE"/><value value="Kräm + vaginaltablett"/></designation><designation><language value="tr-TR"/><value value="Krem + vajinal tablet"/></designation></concept><concept><code value="14011000"/><display value="Film-coated tablet + pessary"/><designation><language value="bg-BG"/><value value="Филмирана таблетка + песар"/></designation><designation><language value="bs-BA"/><value value="Filmom obložena tableta + vagitorija"/></designation><designation><language value="cs-CZ"/><value value="Potahovaná tableta  + vaginální kulička"/></designation><designation><language value="da-DK"/><value value="Filmovertrukket tablet + vagitorie"/></designation><designation><language value="de-DE"/><value value="Filmtablette und Vaginalzäpfchen"/></designation><designation><language value="el-GR"/><value value="Επικαλυμμένο με λεπτό υμένιο δισκίο + κολπικό υπόθετο"/></designation><designation><language value="es-ES"/><value value="Comprimido recubierto con película + óvulo"/></designation><designation><language value="et-EE"/><value value="Õhukese polümeerikattega tablett + vaginaalsuposiit"/></designation><designation><language value="fi-FI"/><value value="Tabletti, kalvopäällysteinen + emätinpuikko"/></designation><designation><language value="ga-EU"/><value value="Táibléad sceobhrataithe + peasaire"/></designation><designation><language value="hr-HR"/><value value="Filmom obložena tableta + vagitorij"/></designation><designation><language value="is-IS"/><value value="Filmuhúðuð tafla + leggangastíll"/></designation><designation><language value="it-IT"/><value value="Compressa rivestita con film + ovulo"/></designation><designation><language value="lt-LT"/><value value="Plėvele dengta tabletė ir ovulė"/></designation><designation><language value="lv-LV"/><value value="Apvalkotā tablete + pesārijs"/></designation><designation><language value="nl-NL"/><value value="Filmomhulde tablet + ovule"/></designation><designation><language value="no-NO"/><value value="Tablett, filmdrasjert + vagitorie"/></designation><designation><language value="pl-PL"/><value value="Tabletka powlekana + globulka"/></designation><designation><language value="pt-PT"/><value value="Comprimido revestido por película + óvulo"/></designation><designation><language value="ro-RO"/><value value="Comprimat filmat + ovul"/></designation><designation><language value="ru-RU"/><value value="Таблетка, покрытая пленочной оболочкой, + пессарий"/></designation><designation><language value="sl-SI"/><value value="Filmsko obložena tableta + vaginalna globula"/></designation><designation><language value="sr-RS"/><value value="Film tableta + vagitorija"/></designation><designation><language value="sv-SE"/><value value="Filmdragerad tablett + vagitorium"/></designation></concept><concept><code value="14012000"/><display value="Capsule, soft + tablet"/><designation><language value="bg-BG"/><value value="Капсула, мека + таблетка"/></designation><designation><language value="bs-BA"/><value value="Kapsula, meka + tableta"/></designation><designation><language value="cs-CZ"/><value value="Měkká tobolka + tableta"/></designation><designation><language value="da-DK"/><value value="Kapsel, blød + tablet"/></designation><designation><language value="de-DE"/><value value="Weichkapsel und Tablette"/></designation><designation><language value="es-ES"/><value value="Cápsula blanda + comprimido"/></designation><designation><language value="et-EE"/><value value="Pehmekapsel + tablett"/></designation><designation><language value="fi-FI"/><value value="Kapseli, pehmeä + tabletti"/></designation><designation><language value="ga-EU"/><value value="Capsúl, bog + táibléad"/></designation><designation><language value="hr-HR"/><value value="Kapsula, meka + tableta"/></designation><designation><language value="is-IS"/><value value="Mjúkt hylki + tafla"/></designation><designation><language value="it-IT"/><value value="Capsula molle + compressa"/></designation><designation><language value="lt-LT"/><value value="Minkštoji kapsulė ir tabletė"/></designation><designation><language value="lv-LV"/><value value="Kapsula, mīkstā + tablete"/></designation><designation><language value="nl-NL"/><value value="Capsule, zacht + tablet"/></designation><designation><language value="no-NO"/><value value="Kapsel, myk + tablett"/></designation><designation><language value="pl-PL"/><value value="Kapsułka, miękka + tabletka"/></designation><designation><language value="pt-PT"/><value value="Cápsula mole + comprimido"/></designation><designation><language value="ro-RO"/><value value="Capsulă moale + comprimat"/></designation><designation><language value="ru-RU"/><value value="Капсула, мягкая + таблетка"/></designation><designation><language value="sk-SK"/><value value="Mäkká kapsula + tableta"/></designation><designation><language value="sl-SI"/><value value="Kapsula, mehka + tableta"/></designation><designation><language value="sr-RS"/><value value="Kapsula, meka + tableta"/></designation><designation><language value="sv-SE"/><value value="Kapsel, mjuk + tablett"/></designation></concept><concept><code value="14013000"/><display value="Capsule, hard + tablet"/><designation><language value="bg-BG"/><value value="Капсула, твърда + таблетка"/></designation><designation><language value="bs-BA"/><value value="Kapsula, tvrda + tableta"/></designation><designation><language value="cs-CZ"/><value value="Tvrdá tobolka + tableta"/></designation><designation><language value="da-DK"/><value value="Kapsel, hård + tablet"/></designation><designation><language value="de-DE"/><value value="Hartkapsel und Tablette"/></designation><designation><language value="es-ES"/><value value="Cápsula dura + comprimido"/></designation><designation><language value="et-EE"/><value value="Kõvakapsel + tablett"/></designation><designation><language value="fi-FI"/><value value="Kapseli, kova + tabletti"/></designation><designation><language value="ga-EU"/><value value="Capsúl, crua + táibléad"/></designation><designation><language value="hr-HR"/><value value="Kapsula, tvrda + tableta"/></designation><designation><language value="is-IS"/><value value="Hart hylki + tafla"/></designation><designation><language value="it-IT"/><value value="Capsula rigida + compressa"/></designation><designation><language value="lt-LT"/><value value="Kietoji kapsulė ir tabletė"/></designation><designation><language value="lv-LV"/><value value="Kapsula, cietā + tablete"/></designation><designation><language value="nl-NL"/><value value="Capsule, hard + tablet"/></designation><designation><language value="no-NO"/><value value="Kapsel, hard + tablett"/></designation><designation><language value="pl-PL"/><value value="Kapsułka, twarda + tabletka"/></designation><designation><language value="pt-PT"/><value value="Cápsula + comprimido"/></designation><designation><language value="ro-RO"/><value value="Capsulă + comprimat"/></designation><designation><language value="ru-RU"/><value value="Капсула, твердая + таблетка"/></designation><designation><language value="sk-SK"/><value value="Tvrdá kapsula + tableta"/></designation><designation><language value="sl-SI"/><value value="Kapsula, trda + tableta"/></designation><designation><language value="sr-RS"/><value value="Kapsula, tvrda + tableta"/></designation><designation><language value="sv-SE"/><value value="Kapsel, hård + tablett"/></designation></concept><concept><code value="14014000"/><display value="Film-coated tablet + tablet"/><designation><language value="bg-BG"/><value value="Филмирана таблетка + таблетка"/></designation><designation><language value="bs-BA"/><value value="Filmom obložena tableta + tableta"/></designation><designation><language value="cs-CZ"/><value value="Potahovaná tableta  + tableta"/></designation><designation><language value="da-DK"/><value value="Filmovertrukket tablet + tablet"/></designation><designation><language value="de-DE"/><value value="Filmtablette und Tablette"/></designation><designation><language value="es-ES"/><value value="Comprimido recubierto con película + comprimido"/></designation><designation><language value="et-EE"/><value value="Õhukese polümeerikattega tablett + tablett"/></designation><designation><language value="fi-FI"/><value value="Tabletti, kalvopäällysteinen + tabletti"/></designation><designation><language value="ga-EU"/><value value="Táibléad sceobhrataithe + táibléad"/></designation><designation><language value="hr-HR"/><value value="Filmom obložena tableta + tableta"/></designation><designation><language value="is-IS"/><value value="Filmuhúðuð tafla + tafla"/></designation><designation><language value="it-IT"/><value value="Compressa rivestita con film + compressa"/></designation><designation><language value="lt-LT"/><value value="Plėvele dengta tabletė ir tabletė"/></designation><designation><language value="lv-LV"/><value value="Apvalkotā tablete + tablete"/></designation><designation><language value="nl-NL"/><value value="Filmomhulde tablet + tablet"/></designation><designation><language value="no-NO"/><value value="Tablett, filmdrasjert + tablett"/></designation><designation><language value="pl-PL"/><value value="Tabletka powlekana + tabletka"/></designation><designation><language value="pt-PT"/><value value="Comprimido revestido por película + comprimido"/></designation><designation><language value="ro-RO"/><value value="Comprimat filmat + comprimat"/></designation><designation><language value="ru-RU"/><value value="Таблетка, покрытая пленочной оболочкой, + таблетка"/></designation><designation><language value="sk-SK"/><value value="Filmom obalená tableta + tableta"/></designation><designation><language value="sl-SI"/><value value="Filmsko obložena tableta + tableta"/></designation><designation><language value="sr-RS"/><value value="Film tableta + tableta"/></designation><designation><language value="sv-SE"/><value value="Filmdragerad tablett + tablett"/></designation></concept><concept><code value="14015000"/><display value="Ointment + vaginal tablet"/><designation><language value="bg-BG"/><value value="Маз + вагинална таблетка"/></designation><designation><language value="cs-CZ"/><value value="Mast + vaginální tableta"/></designation><designation><language value="es-ES"/><value value="Pomada + comprimido vaginal"/></designation><designation><language value="et-EE"/><value value="Salv + vaginaaltablett"/></designation><designation><language value="fi-FI"/><value value="Voide + emätinpuikko, tabletti"/></designation><designation><language value="ga-EU"/><value value="Ungadh + táibléad faighne"/></designation><designation><language value="hr-HR"/><value value="Mast + tableta za rodnicu"/></designation><designation><language value="is-IS"/><value value="Smyrsli + leggangatafla"/></designation><designation><language value="it-IT"/><value value="Unguento + compressa vaginale"/></designation><designation><language value="lt-LT"/><value value="Tepalas ir makšties tabletė"/></designation><designation><language value="nl-NL"/><value value="Zalf + tablet voor vaginaal gebruik"/></designation><designation><language value="no-NO"/><value value="Salve + vaginaltablett"/></designation><designation><language value="pl-PL"/><value value="Maść + tabletka dopochwowa"/></designation><designation><language value="pt-PT"/><value value="Pomada + Comprimido vaginal"/></designation><designation><language value="ru-RU"/><value value="Мазь + таблетка вагинальная"/></designation><designation><language value="sl-SI"/><value value="Mazilo + vaginalna tableta"/></designation><designation><language value="sv-SE"/><value value="Salva + vaginaltablett"/></designation></concept><concept><code value="14016000"/><display value="Effervescent granules + gastro-resistant tablet"/><designation><language value="bg-BG"/><value value="Ефервесцентни гранули + стомашно-устойчива таблетка"/></designation><designation><language value="cs-CZ"/><value value="Šumivé granule + enterosolventní tableta"/></designation><designation><language value="es-ES"/><value value="Granulado efervescente + Comprimido gastrorresistente"/></designation><designation><language value="et-EE"/><value value="Kihisevad graanulid + gastroresistentne tablett"/></designation><designation><language value="fi-FI"/><value value="Porerakeet + enterotabletti"/></designation><designation><language value="fr-FR"/><value value="Granulés effervescents + comprimé gastrorésistant"/></designation><designation><language value="ga-EU"/><value value="Gráinníní broidearnúla + táibléad gastraifhriotaíoch"/></designation><designation><language value="hr-HR"/><value value="Šumeće granule + želučanootporna tableta"/></designation><designation><language value="is-IS"/><value value="Freyðikyrni + magasýruþolin tafla"/></designation><designation><language value="it-IT"/><value value="Granulato effervescente + compressa gastroresistente"/></designation><designation><language value="lt-LT"/><value value="Šnypščiosios granulės ir skrandyje neiri tabletė"/></designation><designation><language value="nl-NL"/><value value="Bruisgranulaat + maagsapresistente tablet"/></designation><designation><language value="no-NO"/><value value="Brusegranulat + enterotablett"/></designation><designation><language value="pl-PL"/><value value="Granulat musujący + tabletka dojelitowa"/></designation><designation><language value="pt-PT"/><value value="Granulado efervescente + comprimido gastrorresistente"/></designation><designation><language value="ru-RU"/><value value="Гранулы шипучие + таблетки кишечнорастворимые"/></designation><designation><language value="sl-SI"/><value value="Šumeča zrnca + gastrorezistentna tableta"/></designation><designation><language value="sv-SE"/><value value="Brusgranulat + enterotablett"/></designation></concept><concept><code value="14017000"/><display value="Eye drops, solution + eye ointment"/><designation><language value="et-EE"/><value value="Silmatilgad, lahus + silmasalv"/></designation><designation><language value="fi-FI"/><value value="Silmätipat, liuos + silmävoide"/></designation><designation><language value="nl-NL"/><value value="Oogdruppels, oplossing + oogzalf"/></designation><designation><language value="no-NO"/><value value="Øyedråper, oppløsning + øyesalve"/></designation><designation><language value="sv-SE"/><value value="Ögondroppar, lösning + ögonsalva"/></designation></concept></include></compose></ValueSet>