<?xml version="1.0" encoding="UTF-8"?>

<ValueSet xmlns="http://hl7.org/fhir">
  <id value="administration-method"/>
  <text>
    <status value="generated"/><div xmlns="http://www.w3.org/1999/xhtml"><ul><li>Include these codes as defined in <code>https://standardterms.edqm.eu/#</code><table class="none"><tr><td style="white-space:nowrap"><b>Code</b></td><td><b>Display</b></td></tr><tr><td>0004</td><td>Administration</td></tr><tr><td>0005</td><td>Application</td></tr><tr><td>0006</td><td>Bathing</td></tr><tr><td>0007</td><td>Chewing</td></tr><tr><td>0008</td><td>Gargling</td></tr><tr><td>0009</td><td>Infusion</td></tr><tr><td>0010</td><td>Inhalation</td></tr><tr><td>0011</td><td>Injection</td></tr><tr><td>0012</td><td>Insertion</td></tr><tr><td>0013</td><td>Instillation</td></tr><tr><td>0014</td><td>Orodispersion</td></tr><tr><td>0015</td><td>Rinsing/washing</td></tr><tr><td>0017</td><td>Spraying</td></tr><tr><td>0018</td><td>Sucking</td></tr><tr><td>0019</td><td>Swallowing</td></tr><tr><td>0020</td><td>Not specified</td></tr><tr><td>0111</td><td>Burning</td></tr><tr><td>0112</td><td>Dialysis</td></tr><tr><td>0113</td><td>Implantation</td></tr></table></li></ul></div>
  </text>
  <url value="learning-ig.censacrof.github.com/ValueSet/administration-method"/>
  <version value="0.1.0"/>
  <name value="AdministrationMethod"/>
  <title value="Administration method"/>
  <status value="active"/>
  <experimental value="false"/>
  <date value="2022-12-15T15:54:12+00:00"/>
  <publisher value="Example Publisher"/>
  <contact>
    <name value="Example Publisher"/>
    <telecom>
      <system value="url"/>
      <value value="https://censacrof.github.io/learning-ig/branches/master/"/>
    </telecom>
  </contact>
  <description value="ValueSet Administration method from EDQM, AME, see https://standardterms.edqm.eu/#"/>
  <immutable value="false"/>
  <compose>
    <include>
      <system value="https://standardterms.edqm.eu/#"/>
      <concept>
        <code value="0004"/>
        <display value="Administration"/>
      </concept>
      <concept>
        <code value="0005"/>
        <display value="Application"/>
      </concept>
      <concept>
        <code value="0006"/>
        <display value="Bathing"/>
      </concept>
      <concept>
        <code value="0007"/>
        <display value="Chewing"/>
      </concept>
      <concept>
        <code value="0008"/>
        <display value="Gargling"/>
      </concept>
      <concept>
        <code value="0009"/>
        <display value="Infusion"/>
      </concept>
      <concept>
        <code value="0010"/>
        <display value="Inhalation"/>
      </concept>
      <concept>
        <code value="0011"/>
        <display value="Injection"/>
      </concept>
      <concept>
        <code value="0012"/>
        <display value="Insertion"/>
      </concept>
      <concept>
        <code value="0013"/>
        <display value="Instillation"/>
      </concept>
      <concept>
        <code value="0014"/>
        <display value="Orodispersion"/>
      </concept>
      <concept>
        <code value="0015"/>
        <display value="Rinsing/washing"/>
      </concept>
      <concept>
        <code value="0017"/>
        <display value="Spraying"/>
      </concept>
      <concept>
        <code value="0018"/>
        <display value="Sucking"/>
      </concept>
      <concept>
        <code value="0019"/>
        <display value="Swallowing"/>
      </concept>
      <concept>
        <code value="0020"/>
        <display value="Not specified"/>
      </concept>
      <concept>
        <code value="0111"/>
        <display value="Burning"/>
      </concept>
      <concept>
        <code value="0112"/>
        <display value="Dialysis"/>
      </concept>
      <concept>
        <code value="0113"/>
        <display value="Implantation"/>
      </concept>
    </include>
  </compose>
</ValueSet>