<?xml version="1.0" encoding="UTF-8"?>

<ValueSet xmlns="http://hl7.org/fhir">
  <id value="Filter-label"/>
  <text>
    <status value="generated"/><div xmlns="http://www.w3.org/1999/xhtml"><ul><li>Include all codes defined in <code>https://standardterms.edqm.eu/#</code></li></ul></div>
  </text>
  <url value="learning-ig.censacrof.github.com/ValueSet/Filter-label"/>
  <version value="0.1.0"/>
  <name value="FilterLabel"/>
  <title value="Filter label"/>
  <status value="active"/>
  <experimental value="false"/>
  <date value="2022-12-15T15:54:12+00:00"/>
  <publisher value="Example Publisher"/>
  <contact>
    <name value="Example Publisher"/>
    <telecom>
      <system value="url"/>
      <value value="https://censacrof.github.io/learning-ig/branches/master/"/>
    </telecom>
  </contact>
  <description value="ValueSet Filter label from EDQM, FIL, see https://standardterms.edqm.eu/#"/>
  <immutable value="false"/>
  <compose>
    <include>
      <system value="https://standardterms.edqm.eu/#"/>
    </include>
  </compose>
</ValueSet>