{"resourceType":"ValueSet","id":"unit-of-presentation","text":{"status":"generated","div":"<div xmlns=\"http://www.w3.org/1999/xhtml\"><ul><li>Include these codes as defined in <code>https://standardterms.edqm.eu/#</code><table class=\"none\"><tr><td style=\"white-space:nowrap\"><b>Code</b></td><td><b>Display</b></td></tr><tr><td>15001000</td><td>Actuation</td></tr><tr><td>15002000</td><td>Ampoule</td></tr><tr><td>15004000</td><td>Applicator</td></tr><tr><td>15005000</td><td>Bag</td></tr><tr><td>15006000</td><td>Barrel</td></tr><tr><td>15007000</td><td>Blister</td></tr><tr><td>15008000</td><td>Block</td></tr><tr><td>15009000</td><td>Bottle</td></tr><tr><td>15011000</td><td>Cachet</td></tr><tr><td>15012000</td><td>Capsule</td></tr><tr><td>15013000</td><td>Cartridge</td></tr><tr><td>15015000</td><td>Collar</td></tr><tr><td>15016000</td><td>Container</td></tr><tr><td>15017000</td><td>Cup</td></tr><tr><td>15018000</td><td>Cylinder</td></tr><tr><td>15019000</td><td>Dart</td></tr><tr><td>15021000</td><td>Dressing</td></tr><tr><td>15022000</td><td>Drop</td></tr><tr><td>15023000</td><td>Film</td></tr><tr><td>15024000</td><td>Chewing gum</td></tr><tr><td>15025000</td><td>Implant</td></tr><tr><td>15026000</td><td>Inhaler</td></tr><tr><td>15027000</td><td>Insert</td></tr><tr><td>15028000</td><td>Jar</td></tr><tr><td>15029000</td><td>Lozenge</td></tr><tr><td>15030000</td><td>Lyophilisate</td></tr><tr><td>15031000</td><td>Matrix</td></tr><tr><td>15033000</td><td>Pad</td></tr><tr><td>15034000</td><td>Paper</td></tr><tr><td>15035000</td><td>Pastille</td></tr><tr><td>15036000</td><td>Patch</td></tr><tr><td>15037000</td><td>Pen</td></tr><tr><td>15038000</td><td>Pendant</td></tr><tr><td>15039000</td><td>Pessary</td></tr><tr><td>15040000</td><td>Pillule</td></tr><tr><td>15041000</td><td>Pipette</td></tr><tr><td>15042000</td><td>Plaster</td></tr><tr><td>15043000</td><td>Plug</td></tr><tr><td>15044000</td><td>Pouch</td></tr><tr><td>15045000</td><td>Sachet</td></tr><tr><td>15046000</td><td>Sponge</td></tr><tr><td>15047000</td><td>Spoonful</td></tr><tr><td>15048000</td><td>Stick</td></tr><tr><td>15049000</td><td>Straw</td></tr><tr><td>15050000</td><td>Strip</td></tr><tr><td>15051000</td><td>Suppository</td></tr><tr><td>15052000</td><td>Syringe</td></tr><tr><td>15053000</td><td>System</td></tr><tr><td>15054000</td><td>Tablet</td></tr><tr><td>15055000</td><td>Tag</td></tr><tr><td>15056000</td><td>Tampon</td></tr><tr><td>15057000</td><td>Thread</td></tr><tr><td>15058000</td><td>Tube</td></tr><tr><td>15059000</td><td>Vessel</td></tr><tr><td>15060000</td><td>Vial</td></tr><tr><td>15061000</td><td>Puff</td></tr><tr><td>15062000</td><td>Swab</td></tr></table></li></ul><p><b>Additional Language Displays</b></p><table class=\"codes\"><tr><td><b>Code</b></td><td><b>bg</b></td><td><b>Czech (cs)</b></td><td><b>Dansk (Danish, da)</b></td><td><b>Deutsch (Deutschland) (German (Germany), de)</b></td><td><b>Greek (el)</b></td><td><b>Spanish (Spain) (es)</b></td><td><b>et</b></td><td><b>Finnish (fi)</b></td><td><b>French (France) (fr)</b></td><td><b>ga</b></td><td><b>Croatian (hr)</b></td><td><b>is</b></td><td><b>Italian (Italy) (it)</b></td><td><b>lt</b></td><td><b>lv</b></td><td><b>Nederlands (Nederland) (Dutch (Netherlands), nl)</b></td><td><b>Norwegian (Norway) (no)</b></td><td><b>Polskie (Polish, pl)</b></td><td><b>Portuguese (pt)</b></td><td><b>Русский (Россия) (Russian (Russia), ru)</b></td><td><b>sk</b></td><td><b>sl</b></td><td><b>Serbian (Serbia) (sr)</b></td><td><b>Swedish (Sweden) (sv)</b></td><td><b>tr</b></td></tr><tr><td>15001000</td><td>Активиране</td><td>Vstřik</td><td>Pust</td><td>Betätigung (Sprühstoß)</td><td>Ενεργοποίηση</td><td>Pulsación</td><td>Mõõtannus</td><td>Painallus/annos</td><td>Bouffée</td><td>Gníomhrú</td><td>Potisak</td><td>Afmældur skammtur</td><td>Erogazione</td><td>Spūsnis</td><td>Izsmidzinājums</td><td></td><td>Aktivering</td><td>Doza</td><td>Aplicação</td><td></td><td></td><td>Potisk</td><td>Potisak</td><td></td><td>Puf</td></tr><tr><td>15002000</td><td>Ампула</td><td>Ampulka</td><td>Ampul</td><td>Ampulle</td><td>Φύσιγγα</td><td>Ampolla</td><td>Ampull</td><td>Ampulli</td><td>Ampoule</td><td>Ampúl</td><td>Ampula</td><td>Lykja</td><td>Fiala</td><td>Ampulė</td><td>Ampula</td><td>Ampul</td><td>Ampulle</td><td>Ampułka</td><td>Ampola</td><td>Ампула</td><td>Ampulka</td><td>Ampula</td><td>Ampula</td><td>Ampull</td><td>Ampul</td></tr><tr><td>15004000</td><td>Апликатор</td><td>Aplikátor</td><td>Applikator</td><td>Applikator</td><td>Εξάρτημα χορήγησης</td><td>Aplicador</td><td>Aplikaator</td><td>Asetin/annostelija</td><td>Applicateur</td><td>Forchuradóir</td><td>Aplikator</td><td>Áhald</td><td>Applicatore</td><td>Aplikatorius</td><td>Aplikators</td><td>Applicator</td><td>Applikator</td><td>Aplikator</td><td>Aplicador</td><td>Аппликатор</td><td>Aplikátor</td><td>Aplikator</td><td>Aplikator</td><td>Applikator</td><td>Uygulayıcı</td></tr><tr><td>15005000</td><td>Сак</td><td>Vak</td><td>Pose</td><td>Beutel</td><td>Σάκκος</td><td>Bolsa</td><td>Kott</td><td>Pussi</td><td>Poche</td><td>Mála</td><td>Vrećica</td><td>Poki</td><td>Sacca</td><td>Maišelis</td><td>Maiss</td><td>Zak</td><td>Pose</td><td>Worek</td><td>Saco</td><td>Пакет</td><td>Vak</td><td>Vreča</td><td>Kesa</td><td>Påse</td><td>Torba</td></tr><tr><td>15006000</td><td>Бидон</td><td>Sud</td><td>Tromle</td><td>Kanister</td><td>Βαρέλι</td><td>Barril</td><td>Tünn</td><td>Tynnyri</td><td>Fût</td><td>Bairille</td><td>Bačva</td><td>Tunna</td><td>Fusto</td><td>Bidonas</td><td></td><td>Vat</td><td>Tønne</td><td>Pojemnik</td><td>Barrica</td><td>Бочка</td><td>Sud</td><td>Sod</td><td>Bure</td><td>Dunk</td><td>Fıçı</td></tr><tr><td>15007000</td><td>Блистер</td><td>Blistr</td><td>Blister</td><td>Blisterpackung</td><td>Κυψέλη</td><td>Blíster</td><td>Blister</td><td>Läpipainopakkaus</td><td>Plaquette</td><td>Spuaic</td><td>Blister</td><td>Þynna</td><td>Blister</td><td>Lizdinė plokštelė</td><td>Blisteris</td><td>Blisterverpakking</td><td>Blister</td><td>Blister</td><td>Blister</td><td>Блистер</td><td>Blister</td><td>Pretisni omot</td><td>Blister</td><td>Blister</td><td>Blister</td></tr><tr><td>15008000</td><td>Блокче</td><td>Blok</td><td></td><td>Stein</td><td>Πλάκα</td><td>Bloque</td><td>Lakukivi</td><td>Lääkekivi</td><td>Bloc</td><td>Bloc</td><td>Blok</td><td>Steinn</td><td>Blocco</td><td>Gabalas</td><td>Bloks</td><td></td><td>Stein</td><td>Blok</td><td>Bloco</td><td>Блок</td><td>Blok</td><td>Kamen</td><td>Blok</td><td>Sten</td><td>Öbek</td></tr><tr><td>15009000</td><td>Бутилка</td><td>Lahev</td><td>Flaske</td><td>Flasche</td><td>Φιάλη</td><td>Frasco</td><td>Pudel</td><td>Pullo</td><td>Flacon</td><td>Buidéal</td><td>Boca/Bočica</td><td>Glas</td><td>Flacone</td><td>Buteliukas</td><td>Pudele</td><td>Fles</td><td>Flaske</td><td>Butelka</td><td>Frasco</td><td>Флакон</td><td>Fľaša</td><td>Steklenica/steklenička; Plastenka</td><td>Boca/Bočica</td><td>Flaska</td><td>Şişe</td></tr><tr><td>15011000</td><td>Нишестена капсула</td><td>Škrobová tobolka</td><td>Oblatkapsel</td><td>Oblatenkapsel</td><td>Αμυλοκαψάκιο</td><td>Sello</td><td>Oblaat</td><td>Oblaattikapseli</td><td>Cachet</td><td>Capsúl séalaithe</td><td>Škrobna kapsula</td><td>Lyfjaloka</td><td>Cachet</td><td>Krakmolinė kapsulė</td><td>Oblāta</td><td>Cachet</td><td>Oblatkapsel</td><td>Kapsułka skrobiowa</td><td>Hóstia</td><td>Облатка</td><td>Škrobová kapsula</td><td>Škrobna kapsula</td><td>Skrobna kapsula</td><td>Oblatkapsel</td><td>Saşe</td></tr><tr><td>15012000</td><td>Капсула</td><td>Tobolka</td><td>Kapsel</td><td>Kapsel</td><td>Καψάκιο</td><td>Cápsula</td><td>Kapsel</td><td>Kapseli</td><td>Gélule ou capsule molle selon la forme pharmaceutique complète</td><td>Capsúl</td><td>Kapsula</td><td>Hylki</td><td>Capsula</td><td>Kapsulė</td><td>Kapsula</td><td>Capsule</td><td>Kapsel</td><td>Kapsułka</td><td>Cápsula</td><td>Капсула</td><td>Kapsula</td><td>Kapsula</td><td>Kapsula</td><td>Kapsel</td><td>Kapsül</td></tr><tr><td>15013000</td><td>Патрон</td><td>Zásobní vložka</td><td>Cylinderampul</td><td>Patrone</td><td>Φυσίγγιο</td><td>Cartucho</td><td>Kolbampull</td><td>Sylinteriampulli</td><td>Cartouche</td><td>Cartús</td><td>Uložak</td><td>Rörlykja</td><td>Cartuccia</td><td>Užtaisas</td><td>Kārtridžs</td><td>Patroon</td><td>Sylinderampulle, kassett</td><td>Wkład</td><td>Cartucho</td><td>Картридж</td><td>Náplň</td><td>Vložek</td><td>Uložak</td><td>Cylinderampull</td><td>Kartuş</td></tr><tr><td>15015000</td><td>Каишка</td><td>Obojek</td><td>Halsbånd</td><td>Halsband</td><td>Περιλαίμιο</td><td>Collar</td><td>Ravimkaelarihm</td><td>Lääkepanta</td><td>Collier</td><td>Coiléar</td><td>Ovratnik</td><td>Hálsól</td><td>Collare</td><td></td><td>Kaklasiksna</td><td>Halsband</td><td>Halsbånd</td><td>Obroża</td><td>Coleira</td><td></td><td>Obojok</td><td>Ovratnica</td><td>Ogrlica</td><td>Halsband</td><td>Tasma</td></tr><tr><td>15016000</td><td>Опаковка</td><td>Obal</td><td>Beholder</td><td>Behältnis</td><td>Περιέκτης</td><td>Envase</td><td>Konteiner</td><td>Purkki/pakkaus</td><td>Récipient</td><td>Coimeádán</td><td>Spremnik</td><td>Ílát</td><td>Contenitore</td><td>Talpyklė</td><td></td><td>Container</td><td>Beholder</td><td>Pojemnik</td><td>Recipiente</td><td>Контейнер</td><td>Obal</td><td>Vsebnik</td><td>Kontejner</td><td>Behållare</td><td>Kap</td></tr><tr><td>15017000</td><td>Чашка</td><td>Odměrka</td><td>Bæger</td><td>Messbecher</td><td>Κύπελλο</td><td>Vaso dosificador</td><td>Mõõtekork</td><td>Lääkemitta</td><td>Godet</td><td>Cupán</td><td>Čaša/čašica</td><td>Bikar</td><td>Bicchiere dosatore</td><td>Taurelė</td><td></td><td></td><td>Beger</td><td>Miarka</td><td>Copo-medida</td><td>Стаканчик</td><td>Pohár</td><td>Merica</td><td>Merica</td><td>Doseringsbägare</td><td>Ölçek</td></tr><tr><td>15018000</td><td>Цилиндър</td><td>Tlaková lahev</td><td>Cylinder</td><td>Behältnis</td><td>Κύλινδρος</td><td>Bala</td><td>Balloon</td><td>Kaasupullo</td><td></td><td>Sorcóir</td><td>Cilindar</td><td>Hylki</td><td>Cilindro</td><td>Balionas</td><td>Cilindrs</td><td>Cilinder</td><td>Sylinder, beholder</td><td>Cylinder</td><td>Cilindro</td><td>Цилиндр</td><td></td><td>Jeklenka</td><td>Cilindar</td><td>Cylinder</td><td>Silindir</td></tr><tr><td>15019000</td><td>Стрела за инжектиране</td><td>Injekční střela</td><td></td><td>Pfeil</td><td>Εκτοξευόμενη σύριγγα</td><td>Dardo</td><td>Lendsüstal</td><td>Nuoliruisku</td><td>Fléchette</td><td>Ga</td><td>Strelica</td><td>Píla</td><td>Dardo</td><td></td><td>Šautra</td><td></td><td>Pil</td><td>Strzała iniekcyjna</td><td>Dardo</td><td></td><td>Injekčná strela</td><td>Puščica za injiciranje</td><td>Strelica</td><td>Bedövningspil</td><td>İlaçlı ok</td></tr><tr><td>15021000</td><td>Превръзка</td><td>Obvaz</td><td>Gaze</td><td>Verband</td><td>Επίδεσμος</td><td>Apósito</td><td>Haavakate</td><td>Side</td><td>Compresse</td><td>Cóiriú</td><td>Obloga</td><td>Lyfjalín</td><td>Garza</td><td>Tvarstis</td><td></td><td></td><td>Kompress</td><td>Opatrunek</td><td>Penso</td><td>Повязка</td><td>Obväz</td><td>Obloga</td><td>Kompresa</td><td>Kompress</td><td>Sargı</td></tr><tr><td>15022000</td><td>Капка</td><td>Kapka</td><td>Dråbe</td><td>Tropfen</td><td>Σταγόνα</td><td>Gota</td><td>Tilk</td><td>Tippa</td><td>Goutte</td><td>Braon</td><td>Kap</td><td>Dropi</td><td>Goccia</td><td>Lašas</td><td>Piliens</td><td>Druppel</td><td>Dråpe</td><td>Kropla</td><td>Gota</td><td>Капля</td><td>Kvapka</td><td>Kapljica</td><td>Kap</td><td>Droppe</td><td>Damla</td></tr><tr><td>15023000</td><td>Филм</td><td>Film</td><td>Film</td><td>Film</td><td>Υμένιο</td><td>Película</td><td>Ravimkile</td><td>Kalvo</td><td>Film</td><td>Scannán</td><td>Film</td><td>Flaga</td><td>Film</td><td>Plėvelė</td><td></td><td>Film</td><td>Film</td><td>Lamelka</td><td>Película</td><td>Пленка</td><td>Film</td><td>Film</td><td>Film</td><td>Film</td><td>Film</td></tr><tr><td>15024000</td><td>Дъвка</td><td>Žvýkací guma</td><td>Tyggegummi</td><td>Kaugummi</td><td>Μασώμενο κόμμι</td><td>Chicle</td><td>Ravimnärimiskumm</td><td>Lääkepurukumi</td><td>Gomme à mâcher</td><td>Guma coganta</td><td>Guma za žvakanje</td><td>Tyggigúmmí</td><td>Gomma da masticare</td><td>Kramtomoji guma</td><td>Košļājamā gumija</td><td>Kauwgom</td><td>Tyggegummi</td><td>Guma do żucia</td><td>Goma para mascar</td><td>Резинка жевательная</td><td>Žuvačka</td><td>Žvečilni gumi</td><td>Guma za žvakanje</td><td>Tuggummi</td><td>Sakız</td></tr><tr><td>15025000</td><td>Имплантат</td><td>Implantát</td><td>Implantat</td><td>Implantat</td><td>Εμφύτευμα</td><td>Implante</td><td>Implantaat</td><td>Implantaatti</td><td>Implant</td><td>Ionphlandú</td><td>Implantat</td><td>Vefjalyf</td><td>Impianto</td><td>Implantas</td><td>Implants</td><td>Implantaat</td><td>Implantat</td><td>Implant</td><td>Implante</td><td>Имплантат</td><td>Implantát</td><td>Implantat</td><td>Implant</td><td>Implantat</td><td>Ekit</td></tr><tr><td>15026000</td><td>Инхалатор</td><td>Inhalátor</td><td>Inhalator</td><td>Inhalator</td><td>Συσκευή εισπνοής</td><td>Inhalador</td><td>Inhalaator</td><td>Inhalaattori</td><td>Inhalateur</td><td>Análóir</td><td>Inhalator</td><td>Innöndunartæki</td><td>Inalatore</td><td>Inhaliatorius</td><td>Inhalators</td><td>Inhalator</td><td>Inhalator</td><td>Inhalator</td><td>Inalador</td><td>Ингалятор</td><td>Inhalátor</td><td>Inhalator</td><td>Inhalator</td><td>Inhalator</td><td>Soluklatıcı</td></tr><tr><td>15027000</td><td>Пластинка</td><td>Inzert</td><td>Indlæg</td><td>Insert</td><td>Ένθεμα</td><td>Inserto</td><td>Insert</td><td>Lamelli</td><td>Insert</td><td>Ionsáiteán</td><td>Umetak</td><td>Innlegg</td><td>Inserto</td><td>Įdėklas</td><td></td><td>Insert</td><td>Innlegg</td><td>Wkładka</td><td>Inserto</td><td>Вкладка</td><td>Inzert</td><td>Vstavek</td><td>Insert</td><td>Inlägg</td><td>Yerleştirici</td></tr><tr><td>15028000</td><td>Банка</td><td>Kelímek</td><td></td><td>Weithalsgefäß</td><td>Βάζο</td><td>Tarro</td><td>Purk</td><td>Tölkki</td><td>Pot</td><td>Próca</td><td>Lončić</td><td>Krukka</td><td>Vasetto</td><td>Plačiakaklis indas</td><td></td><td>Pot</td><td>Krukke</td><td>Słoik</td><td>Boião</td><td>Банка</td><td>Téglik</td><td>Lonček</td><td>Tegla</td><td>Burk</td><td>Kavanoz</td></tr><tr><td>15029000</td><td>Таблетка за смучене</td><td>Pastilka</td><td>Sugetablet</td><td>Lutschtablette</td><td>Τροχίσκος</td><td>Pastilla para chupar</td><td>Loseng</td><td>Imeskelytabletti</td><td>Pastille</td><td>Losainn</td><td>Pastila</td><td>Munnsogstafla</td><td>Pastiglia</td><td>Kietoji pastilė</td><td>Sūkājamā tablete</td><td>Zuigtablet</td><td>Sugetablett</td><td>Pastylka twarda</td><td>Pastilha</td><td>Леденец</td><td>Pastilka</td><td>Pastila</td><td>Lozenga</td><td>Sugtablett</td><td>Pastil</td></tr><tr><td>15030000</td><td>Лиофилизат</td><td>Lyofilizát</td><td>Lyofilisat</td><td>Lyophilisat</td><td>Λυοφιλοποιημένο υλικό</td><td>Liofilizado</td><td>Lüofilisaat</td><td>Kuiva-aine, kylmäkuivattu</td><td>Lyophilisat</td><td>Lióifileasáit</td><td>Liofilizat</td><td>Eining</td><td>Liofilizzato</td><td>Liofilizatas</td><td>Liofilizāts</td><td>Lyofilisaat</td><td>Lyofilisat</td><td>Liofilizat</td><td>Liofilizado</td><td>Лиофилизат</td><td>Lyofilizát</td><td>Liofilizat</td><td>Liofilizat</td><td>Frystorkat pulver</td><td>Dondurkurut</td></tr><tr><td>15031000</td><td>Матрица</td><td>Matrice</td><td>Matrix</td><td>Matrix</td><td>Υπόστρωμα</td><td>Matriz</td><td>Maatriks</td><td>Matriksi</td><td>Matrice</td><td>Maitrís</td><td>Matrica</td><td>Netja</td><td>Matrice</td><td>Matrica</td><td>Matrice</td><td>Matrix</td><td>Matriks</td><td>Matryca</td><td>Matriz</td><td>Матрица</td><td>Matrica</td><td>Matriks</td><td>Matriks</td><td>Matrix</td><td>Matriks</td></tr><tr><td>15033000</td><td>Компрес</td><td>Tampon</td><td>Tampon</td><td>Tampon</td><td>Επίθεμα</td><td>Tampón</td><td>Tampoon</td><td>Tamponi</td><td>Tampon</td><td>Pillín</td><td>Jastučić</td><td>Púði</td><td>Tampone</td><td>Tamponas</td><td></td><td></td><td>Pute</td><td>Tampon</td><td>Tampão</td><td>Салфетка</td><td>Tampón</td><td>Tampon</td><td>Jastuče</td><td>Kudde</td><td>Ped</td></tr><tr><td>15034000</td><td>Хартия</td><td>Papír</td><td>Papir</td><td>Papier</td><td>Χάρτης</td><td>Papel</td><td>Suitsupaber</td><td>Paperi</td><td>Papier</td><td>Páipéar</td><td>Papir</td><td>Pappír</td><td>Carta</td><td></td><td>Papīrs</td><td></td><td>Papir</td><td>Papier</td><td>Papel</td><td></td><td>Papier</td><td>Listič</td><td>Papir</td><td>Papper</td><td>Kağıt</td></tr><tr><td>15035000</td><td>Пастил</td><td>Měkká pastilka</td><td>Pastil</td><td>Pastille</td><td>Παστίλλια</td><td>Pastilla blanda</td><td>Pastill</td><td>Lääkepastilli</td><td>Pastille</td><td>Paistil</td><td>Meka pastila</td><td>Munnsogstafla</td><td>Pastiglia molle</td><td>Minkštoji pastilė</td><td>Pastila</td><td>Pastille</td><td>Pastill</td><td>Pastylka miękka</td><td>Pastilha mole</td><td>Пастилка лекарственная</td><td>Mäkká pastilka</td><td>Mehka pastila</td><td>Pastila</td><td>Pastill</td><td>Pastil</td></tr><tr><td>15036000</td><td>Пластир</td><td>Náplast</td><td></td><td>Pflaster</td><td>Επίθεμα</td><td>Parche</td><td>Plaaster</td><td>Laastari</td><td>Patch</td><td>Paiste</td><td>Naljepak</td><td>Plástur</td><td>Cerotto</td><td>Pleistras</td><td>Plāksteris</td><td>Pleister</td><td>Plaster</td><td>Plaster</td><td>Adesivo</td><td>Пластырь</td><td>Náplasť</td><td>Obliž</td><td>Flaster</td><td>Plåster</td><td>Yama</td></tr><tr><td>15037000</td><td>Писалка</td><td>Pero</td><td>Pen</td><td>Pen</td><td>Συσκευή τύπου πένας</td><td>Pluma</td><td>Pen-süstel</td><td>Kynä</td><td>Stylo</td><td>Peann</td><td>Brizgalica</td><td>Penni</td><td>Penna</td><td>Švirkštiklis</td><td>Pildspalvveida šļirce</td><td>Pen</td><td>Penn</td><td>Wstrzykiwacz</td><td>Caneta</td><td>Шприц-ручка</td><td>Pero</td><td>Injekcijski peresnik</td><td>Pen</td><td>Injektionspenna</td><td>Kalem</td></tr><tr><td>15038000</td><td>Превръзка</td><td>Přívěsek</td><td>Manchet</td><td>Manschette</td><td>Κρεμαστό εξάρτημα</td><td>Colgante</td><td>Ravimripats</td><td>Mansetti</td><td>Manchon</td><td>Siogairlín</td><td>Privjesak</td><td>Hengi</td><td>Manicotto</td><td></td><td>Iekaramais</td><td></td><td>Anheng</td><td>Zawieszka</td><td>Berloque</td><td></td><td>Prívesok</td><td>Obesek</td><td>Privezak</td><td>Manchett</td><td>Boyun askısı</td></tr><tr><td>15039000</td><td>Песар</td><td>Vaginální kulička</td><td>Vagitorie</td><td>Pessary</td><td>Κολπικό υπόθετο</td><td>Óvulo</td><td>Vaginaalsuposiit</td><td>Emätinpuikko</td><td>Ovule</td><td>Peasaire</td><td>Vagitorij</td><td>Leggangastíll</td><td>Ovulo</td><td>Ovulė</td><td>Pesārijs</td><td>Ovule</td><td>Vagitorie</td><td>Globulka</td><td>Óvulo</td><td>Пессарий</td><td>Vaginálna guľôčka</td><td>Vaginalna globula</td><td>Vagitorija</td><td>Vagitorium</td><td>Ovül</td></tr><tr><td>15040000</td><td>Пилула</td><td>Pilule</td><td></td><td>Streukügelchen</td><td>Καταπότιο</td><td>Glóbulo</td><td>Pill</td><td>Helmi</td><td>Granule</td><td>Piolla beag</td><td>Pilula</td><td>Pilla</td><td>Granuli</td><td>Piliulė</td><td>Zirnītis</td><td></td><td>Granul</td><td>Granulka</td><td>Grânulo</td><td>Пилюля</td><td>Pilulka</td><td>Kroglica</td><td>Pilula</td><td>Granul</td><td>Pilül</td></tr><tr><td>15041000</td><td>Пипета</td><td>Pipeta</td><td>Pipette</td><td>Pipette</td><td>Πιπέτα</td><td>Pipeta</td><td>Pipett</td><td>Pipetti</td><td>Pipette</td><td>Pípéad</td><td>Pipeta</td><td>Pípetta</td><td>Pipetta</td><td>Pipetė</td><td>Pipete</td><td>Pipet</td><td>Pipette</td><td>Pipetka</td><td>Pipeta</td><td>Пипетка</td><td>Pipeta</td><td>Merilna kapalka</td><td>Pipeta</td><td>Pipett</td><td>Pipet</td></tr><tr><td>15042000</td><td>Пластир</td><td>Náplast</td><td>Plaster</td><td>Pflaster</td><td>Έμπλαστρο</td><td>Apósito adhesivo</td><td>Plaaster</td><td>Laastari</td><td>Emplâtre</td><td>Greimlín</td><td>Flaster</td><td>Plástur</td><td>Cerotto</td><td>Pleistras</td><td>Plāksteris</td><td>Pleister</td><td>Plaster</td><td>Plaster</td><td>Emplastro</td><td>Пластырь</td><td>Náplasť</td><td>Obliž</td><td>Flaster</td><td>Plåster</td><td>Alçı</td></tr><tr><td>15043000</td><td>Пълнител</td><td>Vložka</td><td>Patron</td><td>Einsatz</td><td>Βύσμα</td><td>Soporte</td><td>Tomp</td><td>Patruuna</td><td>Support poreux</td><td>Pluga</td><td>Uložak</td><td>Stabbi</td><td>Supporto</td><td>Kamštis</td><td>Aizbāznis</td><td></td><td>Plugg</td><td>Wkład</td><td>Suporte</td><td>Тампон</td><td>Vložka</td><td>Vložek</td><td>Patrona</td><td>Plugg</td><td>Tıkaç</td></tr><tr><td>15044000</td><td>Торбичка</td><td>Váček</td><td>Portionspose</td><td>Beutelchen</td><td>Θύλακας</td><td>Bolsita</td><td>Ravimkotike</td><td>Pussi</td><td>-</td><td>Spaga</td><td>Vrećica</td><td>Púði</td><td>Sacchetto</td><td>Maišiukas</td><td>Maisiņš</td><td>Zakje</td><td>Porsjonspose</td><td>Torebka lecznicza</td><td>Bolsa</td><td>Мешочек</td><td>Váčik</td><td>Mošnjiček</td><td>Vrećica</td><td>Portionspåse</td><td>Kese</td></tr><tr><td>15045000</td><td>Саше</td><td>Sáček</td><td>Brev</td><td>Beutel</td><td>Φακελίσκος</td><td>Sobre</td><td>Kotike</td><td>Annospussi</td><td>Sachet</td><td>Saicín</td><td>Vrećica</td><td>Skammtapoki</td><td>Bustina</td><td>Paketėlis</td><td>Paciņa</td><td>Sachet</td><td>Dosepose</td><td>Saszetka</td><td>Saqueta</td><td>Саше</td><td>Vrecko</td><td>Vrečica</td><td>Kesica</td><td>Dospåse</td><td>Saşe</td></tr><tr><td>15046000</td><td>Гъба</td><td>Hubka</td><td>Svamp</td><td>Schwämmchen</td><td>Σπόγγος</td><td>Esponja</td><td>Ravimkäsn</td><td>Tyyny</td><td>Eponge</td><td>Spúinse</td><td>Spužvica</td><td>Svampur</td><td>Spugna</td><td>Kempinė</td><td></td><td>Spons</td><td>Svamp</td><td>Gąbka</td><td>Esponja</td><td>Губка</td><td>Hubka</td><td>Gobica</td><td>Sunđer</td><td>Svamp</td><td>Sünger</td></tr><tr><td>15047000</td><td>Лъжичка</td><td>Lžička</td><td>Skefuld</td><td>ein Löffel voll</td><td>Κουταλιά</td><td>Cucharada</td><td>Lusikatäis</td><td>Mittalusikallinen</td><td>Cuillère-mesure</td><td>Lán spúnóige</td><td>Puna žlica</td><td>Skeið</td><td>Cucchiaio</td><td>Pilnas šaukštas</td><td></td><td>Lepel</td><td>Skje</td><td>Łyżka napełniona</td><td>Colher-medida</td><td>Ложка</td><td>Lyžica</td><td>Žlica</td><td>Kašika</td><td>Sked</td><td>Kaşık dolusu</td></tr><tr><td>15048000</td><td>Пръчица</td><td>Tyčinka</td><td>Stift</td><td>Stäbchen</td><td>Ραβδίο</td><td>Barra (para intramamario, Candelilla)</td><td>Pulk</td><td>Puikko</td><td>Bâton</td><td>Cipín</td><td>Štapić</td><td>Stifti</td><td>Stick</td><td>Lazdelė</td><td>Nūjiņa</td><td>Stift</td><td>Stift</td><td>Pręcik</td><td>Lápis</td><td>Палочка</td><td>Tyčinka</td><td>Palčka</td><td>Štapić</td><td>Stift</td><td>Çubuk</td></tr><tr><td>15049000</td><td>Сламка</td><td>Brčko</td><td>Sugerør</td><td>Trinkhalm</td><td>Καλαμίσκος</td><td>Pajita</td><td>Kõrs</td><td>Pilli</td><td>Paille</td><td>Cochán</td><td>Slamčica</td><td>Sogrör</td><td>Cannuccia</td><td>Šiaudelis</td><td>Salmiņš</td><td>Rietje</td><td>Sugerør</td><td>Słomka lecznicza</td><td>Palhinha</td><td>Трубочка</td><td>Trubička</td><td>Slamica</td><td>Slamčica</td><td>Sugrör</td><td>Pipet</td></tr><tr><td>15050000</td><td>Лента</td><td>Strip</td><td>Strip</td><td>Streifen</td><td>Ταινία</td><td>Tira</td><td>Riba</td><td>Lääkenauha/ohutlamelli</td><td>A voir en fonction du libellé de la composition</td><td>Stiall</td><td>Strip/traka</td><td>Strimill</td><td>Strip</td><td>Juostelė</td><td>Plāksnīte</td><td>Strip</td><td>Strip</td><td>Blister miękki</td><td>Fita</td><td>Стрип</td><td>Strip</td><td>Trak</td><td>Traka</td><td>Strip</td><td>Şerit</td></tr><tr><td>15051000</td><td>Супозитория</td><td>Čípek</td><td>Suppositorie</td><td>Zäpfchen</td><td>Υπόθετο</td><td>Supositorio</td><td>Suposiit</td><td>Peräpuikko</td><td>Suppositoire</td><td>Sopastóir</td><td>Čepić</td><td>Stíll</td><td>Supposta</td><td>Žvakutė</td><td>Supozitorijs</td><td>Zetpil</td><td>Stikkpille</td><td>Czopek</td><td>Supositório</td><td>Суппозиторий</td><td>Čapík</td><td>Svečka</td><td>Supozitorija</td><td>Suppositorium</td><td>Fitil</td></tr><tr><td>15052000</td><td>Спринцовка</td><td>Stříkačka</td><td>Sprøjte</td><td>Spritze</td><td>Σύριγγα</td><td>Jeringa</td><td>Süstel</td><td>Ruisku</td><td>Seringue</td><td>Steallaire</td><td>Štrcaljka</td><td>Sprauta</td><td>Siringa</td><td>Švirkštas</td><td>Šļirce</td><td>Spuit</td><td>Sprøyte</td><td>Strzykawka</td><td>Seringa</td><td>Шприц</td><td>Striekačka</td><td>Brizga</td><td>Špric</td><td>Spruta</td><td>Şırınga</td></tr><tr><td>15053000</td><td>Система</td><td>Systém</td><td>System</td><td>System</td><td>Σύστημα (χορήγησης)</td><td>Sistema</td><td>Süsteem</td><td>Valmiste</td><td>Système</td><td>Córas</td><td>Sustav</td><td>Eining</td><td>Sistema</td><td>Sistema</td><td>Sistēma</td><td>Systeem</td><td>System</td><td>System</td><td>Sistema</td><td>Система</td><td>Systém</td><td>Sistem</td><td>Sistem</td><td>System</td><td>Sistem</td></tr><tr><td>15054000</td><td>Таблетка</td><td>Tableta</td><td>Tablet</td><td>Tablette</td><td>Δισκίο</td><td>Comprimido</td><td>Tablett</td><td>Tabletti</td><td>Comprimé</td><td>Táibléad</td><td>Tableta</td><td>Tafla</td><td>Compressa</td><td>Tabletė</td><td>Tablete</td><td>Tablet</td><td>Tablett</td><td>Tabletka</td><td>Comprimido</td><td>Таблетка</td><td>Tableta</td><td>Tableta</td><td>Tableta</td><td>Tablett</td><td>Tablet</td></tr><tr><td>15055000</td><td>Обица</td><td>Štítek</td><td>Brik</td><td>Marke</td><td>Βύσμα</td><td>Crotal</td><td>Lipik</td><td>Lääkemerkki</td><td>Plaquette</td><td>Clib</td><td>Pločica</td><td>Hengi</td><td>Placchetta</td><td></td><td>Krotālija</td><td></td><td>Brikke</td><td>Kolczyk</td><td>Brinco</td><td></td><td>Značka</td><td>Ploščica</td><td>Markica</td><td>Bricka</td><td>Etiket</td></tr><tr><td>15056000</td><td>Тампон</td><td>Tampon</td><td>Tampon</td><td>Tampon</td><td>Βύσμα</td><td>Tampón</td><td>Tampoon</td><td>Tamponi</td><td>Tampon</td><td>Súitín</td><td>Tampon</td><td>Tappi</td><td>Tampone</td><td>Tamponas</td><td>Tampons</td><td>Tampon</td><td>Tampong</td><td>Tampon</td><td>Tampão</td><td>Тампон</td><td>Tampón</td><td>Tampon</td><td>Tampon</td><td>Tampong</td><td>Tampon</td></tr><tr><td>15057000</td><td>Конец</td><td>Vlákno</td><td>Thread</td><td>Faden</td><td>Νήμα</td><td>Hilo</td><td>Ravimniit</td><td>Lanka</td><td>Fil</td><td>Snáth</td><td>Konac</td><td>Þráður</td><td>Filo</td><td>Siūlas</td><td></td><td>Garen</td><td>Tråd</td><td>Nić</td><td>Fio</td><td>Нить</td><td>Niť</td><td>Nitka</td><td>Konac</td><td>Tråd</td><td>İplik</td></tr><tr><td>15058000</td><td>Туба</td><td>Tuba</td><td>Tube</td><td>Tube</td><td>Σωληνάριο</td><td>Tubo</td><td>Tuub</td><td>Putki/letku</td><td>Tube</td><td>Tiúb</td><td>Tuba</td><td>Túpa</td><td>Tubo</td><td>Tūbelė</td><td>Tūba</td><td>Tube</td><td>Tube</td><td>Tuba</td><td>Bisnaga</td><td>Туба</td><td>Tuba</td><td>Tuba</td><td>Tuba</td><td>Tub</td><td>Tüp</td></tr><tr><td>15059000</td><td>Съд</td><td>Nádoba</td><td>Opbevaringsbeholder</td><td>Behältnis</td><td>Δοχείο</td><td>Recipiente</td><td>Anum</td><td>Säiliö</td><td>Récipient</td><td>Soitheach</td><td>Posuda</td><td>Ílát</td><td>Recipiente a tenuta</td><td>Indas</td><td></td><td>Vat</td><td>Beholder</td><td>Zbiornik</td><td>Recipiente</td><td>Сосуд</td><td>Nádoba</td><td>Posoda</td><td>Sud</td><td>Kärl</td><td>Tas</td></tr><tr><td>15060000</td><td>Флакон</td><td>Injekční lahvička</td><td>Hætteglas</td><td>Durchstechflasche</td><td>Φιαλίδιο</td><td>Vial</td><td>Viaal</td><td>Injektiopullo/lääkepullo</td><td>Flacon</td><td>Fial</td><td>Bočica</td><td>Hettuglas</td><td>Flaconcino</td><td>Flakonas</td><td>Flakons</td><td>Flacon</td><td>Hetteglass</td><td>Fiolka</td><td>Frasco para injetáveis</td><td>Флакон</td><td>Injekčná liekovka</td><td>Viala</td><td>Bočica</td><td>Injektionsflaska</td><td>Şişecik</td></tr><tr><td>15061000</td><td></td><td></td><td></td><td></td><td></td><td></td><td></td><td>-</td><td></td><td>Puth</td><td></td><td></td><td></td><td></td><td></td><td></td><td></td><td></td><td></td><td></td><td>-</td><td></td><td></td><td></td><td>Puf</td></tr><tr><td>15062000</td><td>Тампон</td><td>Tampon</td><td></td><td>Tupfer</td><td></td><td>Bastoncillo</td><td></td><td>Lääketuppo</td><td>Tampon en applicateur</td><td>Maipín</td><td>Tupfer</td><td>Húðþurrka</td><td>Tampone</td><td>Tamponėlis</td><td></td><td>Wattenstaafje</td><td>Vattpinne</td><td>Tampon</td><td>Zaragatoa</td><td></td><td></td><td></td><td></td><td>Svabb</td><td></td></tr></table></div>"},"url":"learning-ig.censacrof.github.com/ValueSet/unit-of-presentation","version":"0.1.0","name":"UnitOfPresentation","title":"Unit of presentation","status":"active","experimental":false,"date":"2022-12-15T15:54:12+00:00","publisher":"Example Publisher","contact":[{"name":"Example Publisher","telecom":[{"system":"url","value":"https://censacrof.github.io/learning-ig/branches/master/"}]}],"description":"ValueSet Unit of presentation from EDQM, UOP, see https://standardterms.edqm.eu/#","immutable":false,"compose":{"include":[{"system":"https://standardterms.edqm.eu/#","concept":[{"code":"15001000","display":"Actuation","designation":[{"language":"bg-BG","value":"Активиране"},{"language":"cs-CZ","value":"Vstřik"},{"language":"da-DK","value":"Pust"},{"language":"de-DE","value":"Betätigung (Sprühstoß)"},{"language":"el-GR","value":"Ενεργοποίηση"},{"language":"es-ES","value":"Pulsación"},{"language":"et-EE","value":"Mõõtannus"},{"language":"fi-FI","value":"Painallus/annos"},{"language":"fr-FR","value":"Bouffée"},{"language":"ga-EU","value":"Gníomhrú"},{"language":"hr-HR","value":"Potisak"},{"language":"is-IS","value":"Afmældur skammtur"},{"language":"it-IT","value":"Erogazione"},{"language":"lt-LT","value":"Spūsnis"},{"language":"lv-LV","value":"Izsmidzinājums"},{"language":"no-NO","value":"Aktivering"},{"language":"pl-PL","value":"Doza"},{"language":"pt-PT","value":"Aplicação"},{"language":"sl-SI","value":"Potisk"},{"language":"sr-RS","value":"Potisak"},{"language":"tr-TR","value":"Puf"}]},{"code":"15002000","display":"Ampoule","designation":[{"language":"bg-BG","value":"Ампула"},{"language":"cs-CZ","value":"Ampulka"},{"language":"da-DK","value":"Ampul"},{"language":"de-DE","value":"Ampulle"},{"language":"el-GR","value":"Φύσιγγα"},{"language":"es-ES","value":"Ampolla"},{"language":"et-EE","value":"Ampull"},{"language":"fi-FI","value":"Ampulli"},{"language":"fr-FR","value":"Ampoule"},{"language":"ga-EU","value":"Ampúl"},{"language":"hr-HR","value":"Ampula"},{"language":"is-IS","value":"Lykja"},{"language":"it-IT","value":"Fiala"},{"language":"lt-LT","value":"Ampulė"},{"language":"lv-LV","value":"Ampula"},{"language":"nl-NL","value":"Ampul"},{"language":"no-NO","value":"Ampulle"},{"language":"pl-PL","value":"Ampułka"},{"language":"pt-PT","value":"Ampola"},{"language":"ru-RU","value":"Ампула"},{"language":"sk-SK","value":"Ampulka"},{"language":"sl-SI","value":"Ampula"},{"language":"sr-RS","value":"Ampula"},{"language":"sv-SE","value":"Ampull"},{"language":"tr-TR","value":"Ampul"}]},{"code":"15004000","display":"Applicator","designation":[{"language":"bg-BG","value":"Апликатор"},{"language":"cs-CZ","value":"Aplikátor"},{"language":"da-DK","value":"Applikator"},{"language":"de-DE","value":"Applikator"},{"language":"el-GR","value":"Εξάρτημα χορήγησης"},{"language":"es-ES","value":"Aplicador"},{"language":"et-EE","value":"Aplikaator"},{"language":"fi-FI","value":"Asetin/annostelija"},{"language":"fr-FR","value":"Applicateur"},{"language":"ga-EU","value":"Forchuradóir"},{"language":"hr-HR","value":"Aplikator"},{"language":"is-IS","value":"Áhald"},{"language":"it-IT","value":"Applicatore"},{"language":"lt-LT","value":"Aplikatorius"},{"language":"lv-LV","value":"Aplikators"},{"language":"nl-NL","value":"Applicator"},{"language":"no-NO","value":"Applikator"},{"language":"pl-PL","value":"Aplikator"},{"language":"pt-PT","value":"Aplicador"},{"language":"ru-RU","value":"Аппликатор"},{"language":"sk-SK","value":"Aplikátor"},{"language":"sl-SI","value":"Aplikator"},{"language":"sr-RS","value":"Aplikator"},{"language":"sv-SE","value":"Applikator"},{"language":"tr-TR","value":"Uygulayıcı"}]},{"code":"15005000","display":"Bag","designation":[{"language":"bg-BG","value":"Сак"},{"language":"cs-CZ","value":"Vak"},{"language":"da-DK","value":"Pose"},{"language":"de-DE","value":"Beutel"},{"language":"el-GR","value":"Σάκκος"},{"language":"es-ES","value":"Bolsa"},{"language":"et-EE","value":"Kott"},{"language":"fi-FI","value":"Pussi"},{"language":"fr-FR","value":"Poche"},{"language":"ga-EU","value":"Mála"},{"language":"hr-HR","value":"Vrećica"},{"language":"is-IS","value":"Poki"},{"language":"it-IT","value":"Sacca"},{"language":"lt-LT","value":"Maišelis"},{"language":"lv-LV","value":"Maiss"},{"language":"nl-NL","value":"Zak"},{"language":"no-NO","value":"Pose"},{"language":"pl-PL","value":"Worek"},{"language":"pt-PT","value":"Saco"},{"language":"ru-RU","value":"Пакет"},{"language":"sk-SK","value":"Vak"},{"language":"sl-SI","value":"Vreča"},{"language":"sr-RS","value":"Kesa"},{"language":"sv-SE","value":"Påse"},{"language":"tr-TR","value":"Torba"}]},{"code":"15006000","display":"Barrel","designation":[{"language":"bg-BG","value":"Бидон"},{"language":"cs-CZ","value":"Sud"},{"language":"da-DK","value":"Tromle"},{"language":"de-DE","value":"Kanister"},{"language":"el-GR","value":"Βαρέλι"},{"language":"es-ES","value":"Barril"},{"language":"et-EE","value":"Tünn"},{"language":"fi-FI","value":"Tynnyri"},{"language":"fr-FR","value":"Fût"},{"language":"ga-EU","value":"Bairille"},{"language":"hr-HR","value":"Bačva"},{"language":"is-IS","value":"Tunna"},{"language":"it-IT","value":"Fusto"},{"language":"lt-LT","value":"Bidonas"},{"language":"nl-NL","value":"Vat"},{"language":"no-NO","value":"Tønne"},{"language":"pl-PL","value":"Pojemnik"},{"language":"pt-PT","value":"Barrica"},{"language":"ru-RU","value":"Бочка"},{"language":"sk-SK","value":"Sud"},{"language":"sl-SI","value":"Sod"},{"language":"sr-RS","value":"Bure"},{"language":"sv-SE","value":"Dunk"},{"language":"tr-TR","value":"Fıçı"}]},{"code":"15007000","display":"Blister","designation":[{"language":"bg-BG","value":"Блистер"},{"language":"cs-CZ","value":"Blistr"},{"language":"da-DK","value":"Blister"},{"language":"de-DE","value":"Blisterpackung"},{"language":"el-GR","value":"Κυψέλη"},{"language":"es-ES","value":"Blíster"},{"language":"et-EE","value":"Blister"},{"language":"fi-FI","value":"Läpipainopakkaus"},{"language":"fr-FR","value":"Plaquette"},{"language":"ga-EU","value":"Spuaic"},{"language":"hr-HR","value":"Blister"},{"language":"is-IS","value":"Þynna"},{"language":"it-IT","value":"Blister"},{"language":"lt-LT","value":"Lizdinė plokštelė"},{"language":"lv-LV","value":"Blisteris"},{"language":"nl-NL","value":"Blisterverpakking"},{"language":"no-NO","value":"Blister"},{"language":"pl-PL","value":"Blister"},{"language":"pt-PT","value":"Blister"},{"language":"ru-RU","value":"Блистер"},{"language":"sk-SK","value":"Blister"},{"language":"sl-SI","value":"Pretisni omot"},{"language":"sr-RS","value":"Blister"},{"language":"sv-SE","value":"Blister"},{"language":"tr-TR","value":"Blister"}]},{"code":"15008000","display":"Block","designation":[{"language":"bg-BG","value":"Блокче"},{"language":"cs-CZ","value":"Blok"},{"language":"de-DE","value":"Stein"},{"language":"el-GR","value":"Πλάκα"},{"language":"es-ES","value":"Bloque"},{"language":"et-EE","value":"Lakukivi"},{"language":"fi-FI","value":"Lääkekivi"},{"language":"fr-FR","value":"Bloc"},{"language":"ga-EU","value":"Bloc"},{"language":"hr-HR","value":"Blok"},{"language":"is-IS","value":"Steinn"},{"language":"it-IT","value":"Blocco"},{"language":"lt-LT","value":"Gabalas"},{"language":"lv-LV","value":"Bloks"},{"language":"no-NO","value":"Stein"},{"language":"pl-PL","value":"Blok"},{"language":"pt-PT","value":"Bloco"},{"language":"ru-RU","value":"Блок"},{"language":"sk-SK","value":"Blok"},{"language":"sl-SI","value":"Kamen"},{"language":"sr-RS","value":"Blok"},{"language":"sv-SE","value":"Sten"},{"language":"tr-TR","value":"Öbek"}]},{"code":"15009000","display":"Bottle","designation":[{"language":"bg-BG","value":"Бутилка"},{"language":"cs-CZ","value":"Lahev"},{"language":"da-DK","value":"Flaske"},{"language":"de-DE","value":"Flasche"},{"language":"el-GR","value":"Φιάλη"},{"language":"es-ES","value":"Frasco"},{"language":"et-EE","value":"Pudel"},{"language":"fi-FI","value":"Pullo"},{"language":"fr-FR","value":"Flacon"},{"language":"ga-EU","value":"Buidéal"},{"language":"hr-HR","value":"Boca/Bočica"},{"language":"is-IS","value":"Glas"},{"language":"it-IT","value":"Flacone"},{"language":"lt-LT","value":"Buteliukas"},{"language":"lv-LV","value":"Pudele"},{"language":"nl-NL","value":"Fles"},{"language":"no-NO","value":"Flaske"},{"language":"pl-PL","value":"Butelka"},{"language":"pt-PT","value":"Frasco"},{"language":"ru-RU","value":"Флакон"},{"language":"sk-SK","value":"Fľaša"},{"language":"sl-SI","value":"Steklenica/steklenička; Plastenka"},{"language":"sr-RS","value":"Boca/Bočica"},{"language":"sv-SE","value":"Flaska"},{"language":"tr-TR","value":"Şişe"}]},{"code":"15011000","display":"Cachet","designation":[{"language":"bg-BG","value":"Нишестена капсула"},{"language":"cs-CZ","value":"Škrobová tobolka"},{"language":"da-DK","value":"Oblatkapsel"},{"language":"de-DE","value":"Oblatenkapsel"},{"language":"el-GR","value":"Αμυλοκαψάκιο"},{"language":"es-ES","value":"Sello"},{"language":"et-EE","value":"Oblaat"},{"language":"fi-FI","value":"Oblaattikapseli"},{"language":"fr-FR","value":"Cachet"},{"language":"ga-EU","value":"Capsúl séalaithe"},{"language":"hr-HR","value":"Škrobna kapsula"},{"language":"is-IS","value":"Lyfjaloka"},{"language":"it-IT","value":"Cachet"},{"language":"lt-LT","value":"Krakmolinė kapsulė"},{"language":"lv-LV","value":"Oblāta"},{"language":"nl-NL","value":"Cachet"},{"language":"no-NO","value":"Oblatkapsel"},{"language":"pl-PL","value":"Kapsułka skrobiowa"},{"language":"pt-PT","value":"Hóstia"},{"language":"ru-RU","value":"Облатка"},{"language":"sk-SK","value":"Škrobová kapsula"},{"language":"sl-SI","value":"Škrobna kapsula"},{"language":"sr-RS","value":"Skrobna kapsula"},{"language":"sv-SE","value":"Oblatkapsel"},{"language":"tr-TR","value":"Saşe"}]},{"code":"15012000","display":"Capsule","designation":[{"language":"bg-BG","value":"Капсула"},{"language":"cs-CZ","value":"Tobolka"},{"language":"da-DK","value":"Kapsel"},{"language":"de-DE","value":"Kapsel"},{"language":"el-GR","value":"Καψάκιο"},{"language":"es-ES","value":"Cápsula"},{"language":"et-EE","value":"Kapsel"},{"language":"fi-FI","value":"Kapseli"},{"language":"fr-FR","value":"Gélule ou capsule molle selon la forme pharmaceutique complète"},{"language":"ga-EU","value":"Capsúl"},{"language":"hr-HR","value":"Kapsula"},{"language":"is-IS","value":"Hylki"},{"language":"it-IT","value":"Capsula"},{"language":"lt-LT","value":"Kapsulė"},{"language":"lv-LV","value":"Kapsula"},{"language":"nl-NL","value":"Capsule"},{"language":"no-NO","value":"Kapsel"},{"language":"pl-PL","value":"Kapsułka"},{"language":"pt-PT","value":"Cápsula"},{"language":"ru-RU","value":"Капсула"},{"language":"sk-SK","value":"Kapsula"},{"language":"sl-SI","value":"Kapsula"},{"language":"sr-RS","value":"Kapsula"},{"language":"sv-SE","value":"Kapsel"},{"language":"tr-TR","value":"Kapsül"}]},{"code":"15013000","display":"Cartridge","designation":[{"language":"bg-BG","value":"Патрон"},{"language":"cs-CZ","value":"Zásobní vložka"},{"language":"da-DK","value":"Cylinderampul"},{"language":"de-DE","value":"Patrone"},{"language":"el-GR","value":"Φυσίγγιο"},{"language":"es-ES","value":"Cartucho"},{"language":"et-EE","value":"Kolbampull"},{"language":"fi-FI","value":"Sylinteriampulli"},{"language":"fr-FR","value":"Cartouche"},{"language":"ga-EU","value":"Cartús"},{"language":"hr-HR","value":"Uložak"},{"language":"is-IS","value":"Rörlykja"},{"language":"it-IT","value":"Cartuccia"},{"language":"lt-LT","value":"Užtaisas"},{"language":"lv-LV","value":"Kārtridžs"},{"language":"nl-NL","value":"Patroon"},{"language":"no-NO","value":"Sylinderampulle, kassett"},{"language":"pl-PL","value":"Wkład"},{"language":"pt-PT","value":"Cartucho"},{"language":"ru-RU","value":"Картридж"},{"language":"sk-SK","value":"Náplň"},{"language":"sl-SI","value":"Vložek"},{"language":"sr-RS","value":"Uložak"},{"language":"sv-SE","value":"Cylinderampull"},{"language":"tr-TR","value":"Kartuş"}]},{"code":"15015000","display":"Collar","designation":[{"language":"bg-BG","value":"Каишка"},{"language":"cs-CZ","value":"Obojek"},{"language":"da-DK","value":"Halsbånd"},{"language":"de-DE","value":"Halsband"},{"language":"el-GR","value":"Περιλαίμιο"},{"language":"es-ES","value":"Collar"},{"language":"et-EE","value":"Ravimkaelarihm"},{"language":"fi-FI","value":"Lääkepanta"},{"language":"fr-FR","value":"Collier"},{"language":"ga-EU","value":"Coiléar"},{"language":"hr-HR","value":"Ovratnik"},{"language":"is-IS","value":"Hálsól"},{"language":"it-IT","value":"Collare"},{"language":"lv-LV","value":"Kaklasiksna"},{"language":"nl-NL","value":"Halsband"},{"language":"no-NO","value":"Halsbånd"},{"language":"pl-PL","value":"Obroża"},{"language":"pt-PT","value":"Coleira"},{"language":"sk-SK","value":"Obojok"},{"language":"sl-SI","value":"Ovratnica"},{"language":"sr-RS","value":"Ogrlica"},{"language":"sv-SE","value":"Halsband"},{"language":"tr-TR","value":"Tasma"}]},{"code":"15016000","display":"Container","designation":[{"language":"bg-BG","value":"Опаковка"},{"language":"cs-CZ","value":"Obal"},{"language":"da-DK","value":"Beholder"},{"language":"de-DE","value":"Behältnis"},{"language":"el-GR","value":"Περιέκτης"},{"language":"es-ES","value":"Envase"},{"language":"et-EE","value":"Konteiner"},{"language":"fi-FI","value":"Purkki/pakkaus"},{"language":"fr-FR","value":"Récipient"},{"language":"ga-EU","value":"Coimeádán"},{"language":"hr-HR","value":"Spremnik"},{"language":"is-IS","value":"Ílát"},{"language":"it-IT","value":"Contenitore"},{"language":"lt-LT","value":"Talpyklė"},{"language":"nl-NL","value":"Container"},{"language":"no-NO","value":"Beholder"},{"language":"pl-PL","value":"Pojemnik"},{"language":"pt-PT","value":"Recipiente"},{"language":"ru-RU","value":"Контейнер"},{"language":"sk-SK","value":"Obal"},{"language":"sl-SI","value":"Vsebnik"},{"language":"sr-RS","value":"Kontejner"},{"language":"sv-SE","value":"Behållare"},{"language":"tr-TR","value":"Kap"}]},{"code":"15017000","display":"Cup","designation":[{"language":"bg-BG","value":"Чашка"},{"language":"cs-CZ","value":"Odměrka"},{"language":"da-DK","value":"Bæger"},{"language":"de-DE","value":"Messbecher"},{"language":"el-GR","value":"Κύπελλο"},{"language":"es-ES","value":"Vaso dosificador"},{"language":"et-EE","value":"Mõõtekork"},{"language":"fi-FI","value":"Lääkemitta"},{"language":"fr-FR","value":"Godet"},{"language":"ga-EU","value":"Cupán"},{"language":"hr-HR","value":"Čaša/čašica"},{"language":"is-IS","value":"Bikar"},{"language":"it-IT","value":"Bicchiere dosatore"},{"language":"lt-LT","value":"Taurelė"},{"language":"no-NO","value":"Beger"},{"language":"pl-PL","value":"Miarka"},{"language":"pt-PT","value":"Copo-medida"},{"language":"ru-RU","value":"Стаканчик"},{"language":"sk-SK","value":"Pohár"},{"language":"sl-SI","value":"Merica"},{"language":"sr-RS","value":"Merica"},{"language":"sv-SE","value":"Doseringsbägare"},{"language":"tr-TR","value":"Ölçek"}]},{"code":"15018000","display":"Cylinder","designation":[{"language":"bg-BG","value":"Цилиндър"},{"language":"cs-CZ","value":"Tlaková lahev"},{"language":"da-DK","value":"Cylinder"},{"language":"de-DE","value":"Behältnis"},{"language":"el-GR","value":"Κύλινδρος"},{"language":"es-ES","value":"Bala"},{"language":"et-EE","value":"Balloon"},{"language":"fi-FI","value":"Kaasupullo"},{"language":"ga-EU","value":"Sorcóir"},{"language":"hr-HR","value":"Cilindar"},{"language":"is-IS","value":"Hylki"},{"language":"it-IT","value":"Cilindro"},{"language":"lt-LT","value":"Balionas"},{"language":"lv-LV","value":"Cilindrs"},{"language":"nl-NL","value":"Cilinder"},{"language":"no-NO","value":"Sylinder, beholder"},{"language":"pl-PL","value":"Cylinder"},{"language":"pt-PT","value":"Cilindro"},{"language":"ru-RU","value":"Цилиндр"},{"language":"sl-SI","value":"Jeklenka"},{"language":"sr-RS","value":"Cilindar"},{"language":"sv-SE","value":"Cylinder"},{"language":"tr-TR","value":"Silindir"}]},{"code":"15019000","display":"Dart","designation":[{"language":"bg-BG","value":"Стрела за инжектиране"},{"language":"cs-CZ","value":"Injekční střela"},{"language":"de-DE","value":"Pfeil"},{"language":"el-GR","value":"Εκτοξευόμενη σύριγγα"},{"language":"es-ES","value":"Dardo"},{"language":"et-EE","value":"Lendsüstal"},{"language":"fi-FI","value":"Nuoliruisku"},{"language":"fr-FR","value":"Fléchette"},{"language":"ga-EU","value":"Ga"},{"language":"hr-HR","value":"Strelica"},{"language":"is-IS","value":"Píla"},{"language":"it-IT","value":"Dardo"},{"language":"lv-LV","value":"Šautra"},{"language":"no-NO","value":"Pil"},{"language":"pl-PL","value":"Strzała iniekcyjna"},{"language":"pt-PT","value":"Dardo"},{"language":"sk-SK","value":"Injekčná strela"},{"language":"sl-SI","value":"Puščica za injiciranje"},{"language":"sr-RS","value":"Strelica"},{"language":"sv-SE","value":"Bedövningspil"},{"language":"tr-TR","value":"İlaçlı ok"}]},{"code":"15021000","display":"Dressing","designation":[{"language":"bg-BG","value":"Превръзка"},{"language":"cs-CZ","value":"Obvaz"},{"language":"da-DK","value":"Gaze"},{"language":"de-DE","value":"Verband"},{"language":"el-GR","value":"Επίδεσμος"},{"language":"es-ES","value":"Apósito"},{"language":"et-EE","value":"Haavakate"},{"language":"fi-FI","value":"Side"},{"language":"fr-FR","value":"Compresse"},{"language":"ga-EU","value":"Cóiriú"},{"language":"hr-HR","value":"Obloga"},{"language":"is-IS","value":"Lyfjalín"},{"language":"it-IT","value":"Garza"},{"language":"lt-LT","value":"Tvarstis"},{"language":"no-NO","value":"Kompress"},{"language":"pl-PL","value":"Opatrunek"},{"language":"pt-PT","value":"Penso"},{"language":"ru-RU","value":"Повязка"},{"language":"sk-SK","value":"Obväz"},{"language":"sl-SI","value":"Obloga"},{"language":"sr-RS","value":"Kompresa"},{"language":"sv-SE","value":"Kompress"},{"language":"tr-TR","value":"Sargı"}]},{"code":"15022000","display":"Drop","designation":[{"language":"bg-BG","value":"Капка"},{"language":"cs-CZ","value":"Kapka"},{"language":"da-DK","value":"Dråbe"},{"language":"de-DE","value":"Tropfen"},{"language":"el-GR","value":"Σταγόνα"},{"language":"es-ES","value":"Gota"},{"language":"et-EE","value":"Tilk"},{"language":"fi-FI","value":"Tippa"},{"language":"fr-FR","value":"Goutte"},{"language":"ga-EU","value":"Braon"},{"language":"hr-HR","value":"Kap"},{"language":"is-IS","value":"Dropi"},{"language":"it-IT","value":"Goccia"},{"language":"lt-LT","value":"Lašas"},{"language":"lv-LV","value":"Piliens"},{"language":"nl-NL","value":"Druppel"},{"language":"no-NO","value":"Dråpe"},{"language":"pl-PL","value":"Kropla"},{"language":"pt-PT","value":"Gota"},{"language":"ru-RU","value":"Капля"},{"language":"sk-SK","value":"Kvapka"},{"language":"sl-SI","value":"Kapljica"},{"language":"sr-RS","value":"Kap"},{"language":"sv-SE","value":"Droppe"},{"language":"tr-TR","value":"Damla"}]},{"code":"15023000","display":"Film","designation":[{"language":"bg-BG","value":"Филм"},{"language":"cs-CZ","value":"Film"},{"language":"da-DK","value":"Film"},{"language":"de-DE","value":"Film"},{"language":"el-GR","value":"Υμένιο"},{"language":"es-ES","value":"Película"},{"language":"et-EE","value":"Ravimkile"},{"language":"fi-FI","value":"Kalvo"},{"language":"fr-FR","value":"Film"},{"language":"ga-EU","value":"Scannán"},{"language":"hr-HR","value":"Film"},{"language":"is-IS","value":"Flaga"},{"language":"it-IT","value":"Film"},{"language":"lt-LT","value":"Plėvelė"},{"language":"nl-NL","value":"Film"},{"language":"no-NO","value":"Film"},{"language":"pl-PL","value":"Lamelka"},{"language":"pt-PT","value":"Película"},{"language":"ru-RU","value":"Пленка"},{"language":"sk-SK","value":"Film"},{"language":"sl-SI","value":"Film"},{"language":"sr-RS","value":"Film"},{"language":"sv-SE","value":"Film"},{"language":"tr-TR","value":"Film"}]},{"code":"15024000","display":"Chewing gum","designation":[{"language":"bg-BG","value":"Дъвка"},{"language":"cs-CZ","value":"Žvýkací guma"},{"language":"da-DK","value":"Tyggegummi"},{"language":"de-DE","value":"Kaugummi"},{"language":"el-GR","value":"Μασώμενο κόμμι"},{"language":"es-ES","value":"Chicle"},{"language":"et-EE","value":"Ravimnärimiskumm"},{"language":"fi-FI","value":"Lääkepurukumi"},{"language":"fr-FR","value":"Gomme à mâcher"},{"language":"ga-EU","value":"Guma coganta"},{"language":"hr-HR","value":"Guma za žvakanje"},{"language":"is-IS","value":"Tyggigúmmí"},{"language":"it-IT","value":"Gomma da masticare"},{"language":"lt-LT","value":"Kramtomoji guma"},{"language":"lv-LV","value":"Košļājamā gumija"},{"language":"nl-NL","value":"Kauwgom"},{"language":"no-NO","value":"Tyggegummi"},{"language":"pl-PL","value":"Guma do żucia"},{"language":"pt-PT","value":"Goma para mascar"},{"language":"ru-RU","value":"Резинка жевательная"},{"language":"sk-SK","value":"Žuvačka"},{"language":"sl-SI","value":"Žvečilni gumi"},{"language":"sr-RS","value":"Guma za žvakanje"},{"language":"sv-SE","value":"Tuggummi"},{"language":"tr-TR","value":"Sakız"}]},{"code":"15025000","display":"Implant","designation":[{"language":"bg-BG","value":"Имплантат"},{"language":"cs-CZ","value":"Implantát"},{"language":"da-DK","value":"Implantat"},{"language":"de-DE","value":"Implantat"},{"language":"el-GR","value":"Εμφύτευμα"},{"language":"es-ES","value":"Implante"},{"language":"et-EE","value":"Implantaat"},{"language":"fi-FI","value":"Implantaatti"},{"language":"fr-FR","value":"Implant"},{"language":"ga-EU","value":"Ionphlandú"},{"language":"hr-HR","value":"Implantat"},{"language":"is-IS","value":"Vefjalyf"},{"language":"it-IT","value":"Impianto"},{"language":"lt-LT","value":"Implantas"},{"language":"lv-LV","value":"Implants"},{"language":"nl-NL","value":"Implantaat"},{"language":"no-NO","value":"Implantat"},{"language":"pl-PL","value":"Implant"},{"language":"pt-PT","value":"Implante"},{"language":"ru-RU","value":"Имплантат"},{"language":"sk-SK","value":"Implantát"},{"language":"sl-SI","value":"Implantat"},{"language":"sr-RS","value":"Implant"},{"language":"sv-SE","value":"Implantat"},{"language":"tr-TR","value":"Ekit"}]},{"code":"15026000","display":"Inhaler","designation":[{"language":"bg-BG","value":"Инхалатор"},{"language":"cs-CZ","value":"Inhalátor"},{"language":"da-DK","value":"Inhalator"},{"language":"de-DE","value":"Inhalator"},{"language":"el-GR","value":"Συσκευή εισπνοής"},{"language":"es-ES","value":"Inhalador"},{"language":"et-EE","value":"Inhalaator"},{"language":"fi-FI","value":"Inhalaattori"},{"language":"fr-FR","value":"Inhalateur"},{"language":"ga-EU","value":"Análóir"},{"language":"hr-HR","value":"Inhalator"},{"language":"is-IS","value":"Innöndunartæki"},{"language":"it-IT","value":"Inalatore"},{"language":"lt-LT","value":"Inhaliatorius"},{"language":"lv-LV","value":"Inhalators"},{"language":"nl-NL","value":"Inhalator"},{"language":"no-NO","value":"Inhalator"},{"language":"pl-PL","value":"Inhalator"},{"language":"pt-PT","value":"Inalador"},{"language":"ru-RU","value":"Ингалятор"},{"language":"sk-SK","value":"Inhalátor"},{"language":"sl-SI","value":"Inhalator"},{"language":"sr-RS","value":"Inhalator"},{"language":"sv-SE","value":"Inhalator"},{"language":"tr-TR","value":"Soluklatıcı"}]},{"code":"15027000","display":"Insert","designation":[{"language":"bg-BG","value":"Пластинка"},{"language":"cs-CZ","value":"Inzert"},{"language":"da-DK","value":"Indlæg"},{"language":"de-DE","value":"Insert"},{"language":"el-GR","value":"Ένθεμα"},{"language":"es-ES","value":"Inserto"},{"language":"et-EE","value":"Insert"},{"language":"fi-FI","value":"Lamelli"},{"language":"fr-FR","value":"Insert"},{"language":"ga-EU","value":"Ionsáiteán"},{"language":"hr-HR","value":"Umetak"},{"language":"is-IS","value":"Innlegg"},{"language":"it-IT","value":"Inserto"},{"language":"lt-LT","value":"Įdėklas"},{"language":"nl-NL","value":"Insert"},{"language":"no-NO","value":"Innlegg"},{"language":"pl-PL","value":"Wkładka"},{"language":"pt-PT","value":"Inserto"},{"language":"ru-RU","value":"Вкладка"},{"language":"sk-SK","value":"Inzert"},{"language":"sl-SI","value":"Vstavek"},{"language":"sr-RS","value":"Insert"},{"language":"sv-SE","value":"Inlägg"},{"language":"tr-TR","value":"Yerleştirici"}]},{"code":"15028000","display":"Jar","designation":[{"language":"bg-BG","value":"Банка"},{"language":"cs-CZ","value":"Kelímek"},{"language":"de-DE","value":"Weithalsgefäß"},{"language":"el-GR","value":"Βάζο"},{"language":"es-ES","value":"Tarro"},{"language":"et-EE","value":"Purk"},{"language":"fi-FI","value":"Tölkki"},{"language":"fr-FR","value":"Pot"},{"language":"ga-EU","value":"Próca"},{"language":"hr-HR","value":"Lončić"},{"language":"is-IS","value":"Krukka"},{"language":"it-IT","value":"Vasetto"},{"language":"lt-LT","value":"Plačiakaklis indas"},{"language":"nl-NL","value":"Pot"},{"language":"no-NO","value":"Krukke"},{"language":"pl-PL","value":"Słoik"},{"language":"pt-PT","value":"Boião"},{"language":"ru-RU","value":"Банка"},{"language":"sk-SK","value":"Téglik"},{"language":"sl-SI","value":"Lonček"},{"language":"sr-RS","value":"Tegla"},{"language":"sv-SE","value":"Burk"},{"language":"tr-TR","value":"Kavanoz"}]},{"code":"15029000","display":"Lozenge","designation":[{"language":"bg-BG","value":"Таблетка за смучене"},{"language":"cs-CZ","value":"Pastilka"},{"language":"da-DK","value":"Sugetablet"},{"language":"de-DE","value":"Lutschtablette"},{"language":"el-GR","value":"Τροχίσκος"},{"language":"es-ES","value":"Pastilla para chupar"},{"language":"et-EE","value":"Loseng"},{"language":"fi-FI","value":"Imeskelytabletti"},{"language":"fr-FR","value":"Pastille"},{"language":"ga-EU","value":"Losainn"},{"language":"hr-HR","value":"Pastila"},{"language":"is-IS","value":"Munnsogstafla"},{"language":"it-IT","value":"Pastiglia"},{"language":"lt-LT","value":"Kietoji pastilė"},{"language":"lv-LV","value":"Sūkājamā tablete"},{"language":"nl-NL","value":"Zuigtablet"},{"language":"no-NO","value":"Sugetablett"},{"language":"pl-PL","value":"Pastylka twarda"},{"language":"pt-PT","value":"Pastilha"},{"language":"ru-RU","value":"Леденец"},{"language":"sk-SK","value":"Pastilka"},{"language":"sl-SI","value":"Pastila"},{"language":"sr-RS","value":"Lozenga"},{"language":"sv-SE","value":"Sugtablett"},{"language":"tr-TR","value":"Pastil"}]},{"code":"15030000","display":"Lyophilisate","designation":[{"language":"bg-BG","value":"Лиофилизат"},{"language":"cs-CZ","value":"Lyofilizát"},{"language":"da-DK","value":"Lyofilisat"},{"language":"de-DE","value":"Lyophilisat"},{"language":"el-GR","value":"Λυοφιλοποιημένο υλικό"},{"language":"es-ES","value":"Liofilizado"},{"language":"et-EE","value":"Lüofilisaat"},{"language":"fi-FI","value":"Kuiva-aine, kylmäkuivattu"},{"language":"fr-FR","value":"Lyophilisat"},{"language":"ga-EU","value":"Lióifileasáit"},{"language":"hr-HR","value":"Liofilizat"},{"language":"is-IS","value":"Eining"},{"language":"it-IT","value":"Liofilizzato"},{"language":"lt-LT","value":"Liofilizatas"},{"language":"lv-LV","value":"Liofilizāts"},{"language":"nl-NL","value":"Lyofilisaat"},{"language":"no-NO","value":"Lyofilisat"},{"language":"pl-PL","value":"Liofilizat"},{"language":"pt-PT","value":"Liofilizado"},{"language":"ru-RU","value":"Лиофилизат"},{"language":"sk-SK","value":"Lyofilizát"},{"language":"sl-SI","value":"Liofilizat"},{"language":"sr-RS","value":"Liofilizat"},{"language":"sv-SE","value":"Frystorkat pulver"},{"language":"tr-TR","value":"Dondurkurut"}]},{"code":"15031000","display":"Matrix","designation":[{"language":"bg-BG","value":"Матрица"},{"language":"cs-CZ","value":"Matrice"},{"language":"da-DK","value":"Matrix"},{"language":"de-DE","value":"Matrix"},{"language":"el-GR","value":"Υπόστρωμα"},{"language":"es-ES","value":"Matriz"},{"language":"et-EE","value":"Maatriks"},{"language":"fi-FI","value":"Matriksi"},{"language":"fr-FR","value":"Matrice"},{"language":"ga-EU","value":"Maitrís"},{"language":"hr-HR","value":"Matrica"},{"language":"is-IS","value":"Netja"},{"language":"it-IT","value":"Matrice"},{"language":"lt-LT","value":"Matrica"},{"language":"lv-LV","value":"Matrice"},{"language":"nl-NL","value":"Matrix"},{"language":"no-NO","value":"Matriks"},{"language":"pl-PL","value":"Matryca"},{"language":"pt-PT","value":"Matriz"},{"language":"ru-RU","value":"Матрица"},{"language":"sk-SK","value":"Matrica"},{"language":"sl-SI","value":"Matriks"},{"language":"sr-RS","value":"Matriks"},{"language":"sv-SE","value":"Matrix"},{"language":"tr-TR","value":"Matriks"}]},{"code":"15033000","display":"Pad","designation":[{"language":"bg-BG","value":"Компрес"},{"language":"cs-CZ","value":"Tampon"},{"language":"da-DK","value":"Tampon"},{"language":"de-DE","value":"Tampon"},{"language":"el-GR","value":"Επίθεμα"},{"language":"es-ES","value":"Tampón"},{"language":"et-EE","value":"Tampoon"},{"language":"fi-FI","value":"Tamponi"},{"language":"fr-FR","value":"Tampon"},{"language":"ga-EU","value":"Pillín"},{"language":"hr-HR","value":"Jastučić"},{"language":"is-IS","value":"Púði"},{"language":"it-IT","value":"Tampone"},{"language":"lt-LT","value":"Tamponas"},{"language":"no-NO","value":"Pute"},{"language":"pl-PL","value":"Tampon"},{"language":"pt-PT","value":"Tampão"},{"language":"ru-RU","value":"Салфетка"},{"language":"sk-SK","value":"Tampón"},{"language":"sl-SI","value":"Tampon"},{"language":"sr-RS","value":"Jastuče"},{"language":"sv-SE","value":"Kudde"},{"language":"tr-TR","value":"Ped"}]},{"code":"15034000","display":"Paper","designation":[{"language":"bg-BG","value":"Хартия"},{"language":"cs-CZ","value":"Papír"},{"language":"da-DK","value":"Papir"},{"language":"de-DE","value":"Papier"},{"language":"el-GR","value":"Χάρτης"},{"language":"es-ES","value":"Papel"},{"language":"et-EE","value":"Suitsupaber"},{"language":"fi-FI","value":"Paperi"},{"language":"fr-FR","value":"Papier"},{"language":"ga-EU","value":"Páipéar"},{"language":"hr-HR","value":"Papir"},{"language":"is-IS","value":"Pappír"},{"language":"it-IT","value":"Carta"},{"language":"lv-LV","value":"Papīrs"},{"language":"no-NO","value":"Papir"},{"language":"pl-PL","value":"Papier"},{"language":"pt-PT","value":"Papel"},{"language":"sk-SK","value":"Papier"},{"language":"sl-SI","value":"Listič"},{"language":"sr-RS","value":"Papir"},{"language":"sv-SE","value":"Papper"},{"language":"tr-TR","value":"Kağıt"}]},{"code":"15035000","display":"Pastille","designation":[{"language":"bg-BG","value":"Пастил"},{"language":"cs-CZ","value":"Měkká pastilka"},{"language":"da-DK","value":"Pastil"},{"language":"de-DE","value":"Pastille"},{"language":"el-GR","value":"Παστίλλια"},{"language":"es-ES","value":"Pastilla blanda"},{"language":"et-EE","value":"Pastill"},{"language":"fi-FI","value":"Lääkepastilli"},{"language":"fr-FR","value":"Pastille"},{"language":"ga-EU","value":"Paistil"},{"language":"hr-HR","value":"Meka pastila"},{"language":"is-IS","value":"Munnsogstafla"},{"language":"it-IT","value":"Pastiglia molle"},{"language":"lt-LT","value":"Minkštoji pastilė"},{"language":"lv-LV","value":"Pastila"},{"language":"nl-NL","value":"Pastille"},{"language":"no-NO","value":"Pastill"},{"language":"pl-PL","value":"Pastylka miękka"},{"language":"pt-PT","value":"Pastilha mole"},{"language":"ru-RU","value":"Пастилка лекарственная"},{"language":"sk-SK","value":"Mäkká pastilka"},{"language":"sl-SI","value":"Mehka pastila"},{"language":"sr-RS","value":"Pastila"},{"language":"sv-SE","value":"Pastill"},{"language":"tr-TR","value":"Pastil"}]},{"code":"15036000","display":"Patch","designation":[{"language":"bg-BG","value":"Пластир"},{"language":"cs-CZ","value":"Náplast"},{"language":"de-DE","value":"Pflaster"},{"language":"el-GR","value":"Επίθεμα"},{"language":"es-ES","value":"Parche"},{"language":"et-EE","value":"Plaaster"},{"language":"fi-FI","value":"Laastari"},{"language":"fr-FR","value":"Patch"},{"language":"ga-EU","value":"Paiste"},{"language":"hr-HR","value":"Naljepak"},{"language":"is-IS","value":"Plástur"},{"language":"it-IT","value":"Cerotto"},{"language":"lt-LT","value":"Pleistras"},{"language":"lv-LV","value":"Plāksteris"},{"language":"nl-NL","value":"Pleister"},{"language":"no-NO","value":"Plaster"},{"language":"pl-PL","value":"Plaster"},{"language":"pt-PT","value":"Adesivo"},{"language":"ru-RU","value":"Пластырь"},{"language":"sk-SK","value":"Náplasť"},{"language":"sl-SI","value":"Obliž"},{"language":"sr-RS","value":"Flaster"},{"language":"sv-SE","value":"Plåster"},{"language":"tr-TR","value":"Yama"}]},{"code":"15037000","display":"Pen","designation":[{"language":"bg-BG","value":"Писалка"},{"language":"cs-CZ","value":"Pero"},{"language":"da-DK","value":"Pen"},{"language":"de-DE","value":"Pen"},{"language":"el-GR","value":"Συσκευή τύπου πένας"},{"language":"es-ES","value":"Pluma"},{"language":"et-EE","value":"Pen-süstel"},{"language":"fi-FI","value":"Kynä"},{"language":"fr-FR","value":"Stylo"},{"language":"ga-EU","value":"Peann"},{"language":"hr-HR","value":"Brizgalica"},{"language":"is-IS","value":"Penni"},{"language":"it-IT","value":"Penna"},{"language":"lt-LT","value":"Švirkštiklis"},{"language":"lv-LV","value":"Pildspalvveida šļirce"},{"language":"nl-NL","value":"Pen"},{"language":"no-NO","value":"Penn"},{"language":"pl-PL","value":"Wstrzykiwacz"},{"language":"pt-PT","value":"Caneta"},{"language":"ru-RU","value":"Шприц-ручка"},{"language":"sk-SK","value":"Pero"},{"language":"sl-SI","value":"Injekcijski peresnik"},{"language":"sr-RS","value":"Pen"},{"language":"sv-SE","value":"Injektionspenna"},{"language":"tr-TR","value":"Kalem"}]},{"code":"15038000","display":"Pendant","designation":[{"language":"bg-BG","value":"Превръзка"},{"language":"cs-CZ","value":"Přívěsek"},{"language":"da-DK","value":"Manchet"},{"language":"de-DE","value":"Manschette"},{"language":"el-GR","value":"Κρεμαστό εξάρτημα"},{"language":"es-ES","value":"Colgante"},{"language":"et-EE","value":"Ravimripats"},{"language":"fi-FI","value":"Mansetti"},{"language":"fr-FR","value":"Manchon"},{"language":"ga-EU","value":"Siogairlín"},{"language":"hr-HR","value":"Privjesak"},{"language":"is-IS","value":"Hengi"},{"language":"it-IT","value":"Manicotto"},{"language":"lv-LV","value":"Iekaramais"},{"language":"no-NO","value":"Anheng"},{"language":"pl-PL","value":"Zawieszka"},{"language":"pt-PT","value":"Berloque"},{"language":"sk-SK","value":"Prívesok"},{"language":"sl-SI","value":"Obesek"},{"language":"sr-RS","value":"Privezak"},{"language":"sv-SE","value":"Manchett"},{"language":"tr-TR","value":"Boyun askısı"}]},{"code":"15039000","display":"Pessary","designation":[{"language":"bg-BG","value":"Песар"},{"language":"cs-CZ","value":"Vaginální kulička"},{"language":"da-DK","value":"Vagitorie"},{"language":"de-DE","value":"Pessary"},{"language":"el-GR","value":"Κολπικό υπόθετο"},{"language":"es-ES","value":"Óvulo"},{"language":"et-EE","value":"Vaginaalsuposiit"},{"language":"fi-FI","value":"Emätinpuikko"},{"language":"fr-FR","value":"Ovule"},{"language":"ga-EU","value":"Peasaire"},{"language":"hr-HR","value":"Vagitorij"},{"language":"is-IS","value":"Leggangastíll"},{"language":"it-IT","value":"Ovulo"},{"language":"lt-LT","value":"Ovulė"},{"language":"lv-LV","value":"Pesārijs"},{"language":"nl-NL","value":"Ovule"},{"language":"no-NO","value":"Vagitorie"},{"language":"pl-PL","value":"Globulka"},{"language":"pt-PT","value":"Óvulo"},{"language":"ru-RU","value":"Пессарий"},{"language":"sk-SK","value":"Vaginálna guľôčka"},{"language":"sl-SI","value":"Vaginalna globula"},{"language":"sr-RS","value":"Vagitorija"},{"language":"sv-SE","value":"Vagitorium"},{"language":"tr-TR","value":"Ovül"}]},{"code":"15040000","display":"Pillule","designation":[{"language":"bg-BG","value":"Пилула"},{"language":"cs-CZ","value":"Pilule"},{"language":"de-DE","value":"Streukügelchen"},{"language":"el-GR","value":"Καταπότιο"},{"language":"es-ES","value":"Glóbulo"},{"language":"et-EE","value":"Pill"},{"language":"fi-FI","value":"Helmi"},{"language":"fr-FR","value":"Granule"},{"language":"ga-EU","value":"Piolla beag"},{"language":"hr-HR","value":"Pilula"},{"language":"is-IS","value":"Pilla"},{"language":"it-IT","value":"Granuli"},{"language":"lt-LT","value":"Piliulė"},{"language":"lv-LV","value":"Zirnītis"},{"language":"no-NO","value":"Granul"},{"language":"pl-PL","value":"Granulka"},{"language":"pt-PT","value":"Grânulo"},{"language":"ru-RU","value":"Пилюля"},{"language":"sk-SK","value":"Pilulka"},{"language":"sl-SI","value":"Kroglica"},{"language":"sr-RS","value":"Pilula"},{"language":"sv-SE","value":"Granul"},{"language":"tr-TR","value":"Pilül"}]},{"code":"15041000","display":"Pipette","designation":[{"language":"bg-BG","value":"Пипета"},{"language":"cs-CZ","value":"Pipeta"},{"language":"da-DK","value":"Pipette"},{"language":"de-DE","value":"Pipette"},{"language":"el-GR","value":"Πιπέτα"},{"language":"es-ES","value":"Pipeta"},{"language":"et-EE","value":"Pipett"},{"language":"fi-FI","value":"Pipetti"},{"language":"fr-FR","value":"Pipette"},{"language":"ga-EU","value":"Pípéad"},{"language":"hr-HR","value":"Pipeta"},{"language":"is-IS","value":"Pípetta"},{"language":"it-IT","value":"Pipetta"},{"language":"lt-LT","value":"Pipetė"},{"language":"lv-LV","value":"Pipete"},{"language":"nl-NL","value":"Pipet"},{"language":"no-NO","value":"Pipette"},{"language":"pl-PL","value":"Pipetka"},{"language":"pt-PT","value":"Pipeta"},{"language":"ru-RU","value":"Пипетка"},{"language":"sk-SK","value":"Pipeta"},{"language":"sl-SI","value":"Merilna kapalka"},{"language":"sr-RS","value":"Pipeta"},{"language":"sv-SE","value":"Pipett"},{"language":"tr-TR","value":"Pipet"}]},{"code":"15042000","display":"Plaster","designation":[{"language":"bg-BG","value":"Пластир"},{"language":"cs-CZ","value":"Náplast"},{"language":"da-DK","value":"Plaster"},{"language":"de-DE","value":"Pflaster"},{"language":"el-GR","value":"Έμπλαστρο"},{"language":"es-ES","value":"Apósito adhesivo"},{"language":"et-EE","value":"Plaaster"},{"language":"fi-FI","value":"Laastari"},{"language":"fr-FR","value":"Emplâtre"},{"language":"ga-EU","value":"Greimlín"},{"language":"hr-HR","value":"Flaster"},{"language":"is-IS","value":"Plástur"},{"language":"it-IT","value":"Cerotto"},{"language":"lt-LT","value":"Pleistras"},{"language":"lv-LV","value":"Plāksteris"},{"language":"nl-NL","value":"Pleister"},{"language":"no-NO","value":"Plaster"},{"language":"pl-PL","value":"Plaster"},{"language":"pt-PT","value":"Emplastro"},{"language":"ru-RU","value":"Пластырь"},{"language":"sk-SK","value":"Náplasť"},{"language":"sl-SI","value":"Obliž"},{"language":"sr-RS","value":"Flaster"},{"language":"sv-SE","value":"Plåster"},{"language":"tr-TR","value":"Alçı"}]},{"code":"15043000","display":"Plug","designation":[{"language":"bg-BG","value":"Пълнител"},{"language":"cs-CZ","value":"Vložka"},{"language":"da-DK","value":"Patron"},{"language":"de-DE","value":"Einsatz"},{"language":"el-GR","value":"Βύσμα"},{"language":"es-ES","value":"Soporte"},{"language":"et-EE","value":"Tomp"},{"language":"fi-FI","value":"Patruuna"},{"language":"fr-FR","value":"Support poreux"},{"language":"ga-EU","value":"Pluga"},{"language":"hr-HR","value":"Uložak"},{"language":"is-IS","value":"Stabbi"},{"language":"it-IT","value":"Supporto"},{"language":"lt-LT","value":"Kamštis"},{"language":"lv-LV","value":"Aizbāznis"},{"language":"no-NO","value":"Plugg"},{"language":"pl-PL","value":"Wkład"},{"language":"pt-PT","value":"Suporte"},{"language":"ru-RU","value":"Тампон"},{"language":"sk-SK","value":"Vložka"},{"language":"sl-SI","value":"Vložek"},{"language":"sr-RS","value":"Patrona"},{"language":"sv-SE","value":"Plugg"},{"language":"tr-TR","value":"Tıkaç"}]},{"code":"15044000","display":"Pouch","designation":[{"language":"bg-BG","value":"Торбичка"},{"language":"cs-CZ","value":"Váček"},{"language":"da-DK","value":"Portionspose"},{"language":"de-DE","value":"Beutelchen"},{"language":"el-GR","value":"Θύλακας"},{"language":"es-ES","value":"Bolsita"},{"language":"et-EE","value":"Ravimkotike"},{"language":"fi-FI","value":"Pussi"},{"language":"fr-FR","value":"-"},{"language":"ga-EU","value":"Spaga"},{"language":"hr-HR","value":"Vrećica"},{"language":"is-IS","value":"Púði"},{"language":"it-IT","value":"Sacchetto"},{"language":"lt-LT","value":"Maišiukas"},{"language":"lv-LV","value":"Maisiņš"},{"language":"nl-NL","value":"Zakje"},{"language":"no-NO","value":"Porsjonspose"},{"language":"pl-PL","value":"Torebka lecznicza"},{"language":"pt-PT","value":"Bolsa"},{"language":"ru-RU","value":"Мешочек"},{"language":"sk-SK","value":"Váčik"},{"language":"sl-SI","value":"Mošnjiček"},{"language":"sr-RS","value":"Vrećica"},{"language":"sv-SE","value":"Portionspåse"},{"language":"tr-TR","value":"Kese"}]},{"code":"15045000","display":"Sachet","designation":[{"language":"bg-BG","value":"Саше"},{"language":"cs-CZ","value":"Sáček"},{"language":"da-DK","value":"Brev"},{"language":"de-DE","value":"Beutel"},{"language":"el-GR","value":"Φακελίσκος"},{"language":"es-ES","value":"Sobre"},{"language":"et-EE","value":"Kotike"},{"language":"fi-FI","value":"Annospussi"},{"language":"fr-FR","value":"Sachet"},{"language":"ga-EU","value":"Saicín"},{"language":"hr-HR","value":"Vrećica"},{"language":"is-IS","value":"Skammtapoki"},{"language":"it-IT","value":"Bustina"},{"language":"lt-LT","value":"Paketėlis"},{"language":"lv-LV","value":"Paciņa"},{"language":"nl-NL","value":"Sachet"},{"language":"no-NO","value":"Dosepose"},{"language":"pl-PL","value":"Saszetka"},{"language":"pt-PT","value":"Saqueta"},{"language":"ru-RU","value":"Саше"},{"language":"sk-SK","value":"Vrecko"},{"language":"sl-SI","value":"Vrečica"},{"language":"sr-RS","value":"Kesica"},{"language":"sv-SE","value":"Dospåse"},{"language":"tr-TR","value":"Saşe"}]},{"code":"15046000","display":"Sponge","designation":[{"language":"bg-BG","value":"Гъба"},{"language":"cs-CZ","value":"Hubka"},{"language":"da-DK","value":"Svamp"},{"language":"de-DE","value":"Schwämmchen"},{"language":"el-GR","value":"Σπόγγος"},{"language":"es-ES","value":"Esponja"},{"language":"et-EE","value":"Ravimkäsn"},{"language":"fi-FI","value":"Tyyny"},{"language":"fr-FR","value":"Eponge"},{"language":"ga-EU","value":"Spúinse"},{"language":"hr-HR","value":"Spužvica"},{"language":"is-IS","value":"Svampur"},{"language":"it-IT","value":"Spugna"},{"language":"lt-LT","value":"Kempinė"},{"language":"nl-NL","value":"Spons"},{"language":"no-NO","value":"Svamp"},{"language":"pl-PL","value":"Gąbka"},{"language":"pt-PT","value":"Esponja"},{"language":"ru-RU","value":"Губка"},{"language":"sk-SK","value":"Hubka"},{"language":"sl-SI","value":"Gobica"},{"language":"sr-RS","value":"Sunđer"},{"language":"sv-SE","value":"Svamp"},{"language":"tr-TR","value":"Sünger"}]},{"code":"15047000","display":"Spoonful","designation":[{"language":"bg-BG","value":"Лъжичка"},{"language":"cs-CZ","value":"Lžička"},{"language":"da-DK","value":"Skefuld"},{"language":"de-DE","value":"ein Löffel voll"},{"language":"el-GR","value":"Κουταλιά"},{"language":"es-ES","value":"Cucharada"},{"language":"et-EE","value":"Lusikatäis"},{"language":"fi-FI","value":"Mittalusikallinen"},{"language":"fr-FR","value":"Cuillère-mesure"},{"language":"ga-EU","value":"Lán spúnóige"},{"language":"hr-HR","value":"Puna žlica"},{"language":"is-IS","value":"Skeið"},{"language":"it-IT","value":"Cucchiaio"},{"language":"lt-LT","value":"Pilnas šaukštas"},{"language":"nl-NL","value":"Lepel"},{"language":"no-NO","value":"Skje"},{"language":"pl-PL","value":"Łyżka napełniona"},{"language":"pt-PT","value":"Colher-medida"},{"language":"ru-RU","value":"Ложка"},{"language":"sk-SK","value":"Lyžica"},{"language":"sl-SI","value":"Žlica"},{"language":"sr-RS","value":"Kašika"},{"language":"sv-SE","value":"Sked"},{"language":"tr-TR","value":"Kaşık dolusu"}]},{"code":"15048000","display":"Stick","designation":[{"language":"bg-BG","value":"Пръчица"},{"language":"cs-CZ","value":"Tyčinka"},{"language":"da-DK","value":"Stift"},{"language":"de-DE","value":"Stäbchen"},{"language":"el-GR","value":"Ραβδίο"},{"language":"es-ES","value":"Barra (para intramamario, Candelilla)"},{"language":"et-EE","value":"Pulk"},{"language":"fi-FI","value":"Puikko"},{"language":"fr-FR","value":"Bâton"},{"language":"ga-EU","value":"Cipín"},{"language":"hr-HR","value":"Štapić"},{"language":"is-IS","value":"Stifti"},{"language":"it-IT","value":"Stick"},{"language":"lt-LT","value":"Lazdelė"},{"language":"lv-LV","value":"Nūjiņa"},{"language":"nl-NL","value":"Stift"},{"language":"no-NO","value":"Stift"},{"language":"pl-PL","value":"Pręcik"},{"language":"pt-PT","value":"Lápis"},{"language":"ru-RU","value":"Палочка"},{"language":"sk-SK","value":"Tyčinka"},{"language":"sl-SI","value":"Palčka"},{"language":"sr-RS","value":"Štapić"},{"language":"sv-SE","value":"Stift"},{"language":"tr-TR","value":"Çubuk"}]},{"code":"15049000","display":"Straw","designation":[{"language":"bg-BG","value":"Сламка"},{"language":"cs-CZ","value":"Brčko"},{"language":"da-DK","value":"Sugerør"},{"language":"de-DE","value":"Trinkhalm"},{"language":"el-GR","value":"Καλαμίσκος"},{"language":"es-ES","value":"Pajita"},{"language":"et-EE","value":"Kõrs"},{"language":"fi-FI","value":"Pilli"},{"language":"fr-FR","value":"Paille"},{"language":"ga-EU","value":"Cochán"},{"language":"hr-HR","value":"Slamčica"},{"language":"is-IS","value":"Sogrör"},{"language":"it-IT","value":"Cannuccia"},{"language":"lt-LT","value":"Šiaudelis"},{"language":"lv-LV","value":"Salmiņš"},{"language":"nl-NL","value":"Rietje"},{"language":"no-NO","value":"Sugerør"},{"language":"pl-PL","value":"Słomka lecznicza"},{"language":"pt-PT","value":"Palhinha"},{"language":"ru-RU","value":"Трубочка"},{"language":"sk-SK","value":"Trubička"},{"language":"sl-SI","value":"Slamica"},{"language":"sr-RS","value":"Slamčica"},{"language":"sv-SE","value":"Sugrör"},{"language":"tr-TR","value":"Pipet"}]},{"code":"15050000","display":"Strip","designation":[{"language":"bg-BG","value":"Лента"},{"language":"cs-CZ","value":"Strip"},{"language":"da-DK","value":"Strip"},{"language":"de-DE","value":"Streifen"},{"language":"el-GR","value":"Ταινία"},{"language":"es-ES","value":"Tira"},{"language":"et-EE","value":"Riba"},{"language":"fi-FI","value":"Lääkenauha/ohutlamelli"},{"language":"fr-FR","value":"A voir en fonction du libellé de la composition"},{"language":"ga-EU","value":"Stiall"},{"language":"hr-HR","value":"Strip/traka"},{"language":"is-IS","value":"Strimill"},{"language":"it-IT","value":"Strip"},{"language":"lt-LT","value":"Juostelė"},{"language":"lv-LV","value":"Plāksnīte"},{"language":"nl-NL","value":"Strip"},{"language":"no-NO","value":"Strip"},{"language":"pl-PL","value":"Blister miękki"},{"language":"pt-PT","value":"Fita"},{"language":"ru-RU","value":"Стрип"},{"language":"sk-SK","value":"Strip"},{"language":"sl-SI","value":"Trak"},{"language":"sr-RS","value":"Traka"},{"language":"sv-SE","value":"Strip"},{"language":"tr-TR","value":"Şerit"}]},{"code":"15051000","display":"Suppository","designation":[{"language":"bg-BG","value":"Супозитория"},{"language":"cs-CZ","value":"Čípek"},{"language":"da-DK","value":"Suppositorie"},{"language":"de-DE","value":"Zäpfchen"},{"language":"el-GR","value":"Υπόθετο"},{"language":"es-ES","value":"Supositorio"},{"language":"et-EE","value":"Suposiit"},{"language":"fi-FI","value":"Peräpuikko"},{"language":"fr-FR","value":"Suppositoire"},{"language":"ga-EU","value":"Sopastóir"},{"language":"hr-HR","value":"Čepić"},{"language":"is-IS","value":"Stíll"},{"language":"it-IT","value":"Supposta"},{"language":"lt-LT","value":"Žvakutė"},{"language":"lv-LV","value":"Supozitorijs"},{"language":"nl-NL","value":"Zetpil"},{"language":"no-NO","value":"Stikkpille"},{"language":"pl-PL","value":"Czopek"},{"language":"pt-PT","value":"Supositório"},{"language":"ru-RU","value":"Суппозиторий"},{"language":"sk-SK","value":"Čapík"},{"language":"sl-SI","value":"Svečka"},{"language":"sr-RS","value":"Supozitorija"},{"language":"sv-SE","value":"Suppositorium"},{"language":"tr-TR","value":"Fitil"}]},{"code":"15052000","display":"Syringe","designation":[{"language":"bg-BG","value":"Спринцовка"},{"language":"cs-CZ","value":"Stříkačka"},{"language":"da-DK","value":"Sprøjte"},{"language":"de-DE","value":"Spritze"},{"language":"el-GR","value":"Σύριγγα"},{"language":"es-ES","value":"Jeringa"},{"language":"et-EE","value":"Süstel"},{"language":"fi-FI","value":"Ruisku"},{"language":"fr-FR","value":"Seringue"},{"language":"ga-EU","value":"Steallaire"},{"language":"hr-HR","value":"Štrcaljka"},{"language":"is-IS","value":"Sprauta"},{"language":"it-IT","value":"Siringa"},{"language":"lt-LT","value":"Švirkštas"},{"language":"lv-LV","value":"Šļirce"},{"language":"nl-NL","value":"Spuit"},{"language":"no-NO","value":"Sprøyte"},{"language":"pl-PL","value":"Strzykawka"},{"language":"pt-PT","value":"Seringa"},{"language":"ru-RU","value":"Шприц"},{"language":"sk-SK","value":"Striekačka"},{"language":"sl-SI","value":"Brizga"},{"language":"sr-RS","value":"Špric"},{"language":"sv-SE","value":"Spruta"},{"language":"tr-TR","value":"Şırınga"}]},{"code":"15053000","display":"System","designation":[{"language":"bg-BG","value":"Система"},{"language":"cs-CZ","value":"Systém"},{"language":"da-DK","value":"System"},{"language":"de-DE","value":"System"},{"language":"el-GR","value":"Σύστημα (χορήγησης)"},{"language":"es-ES","value":"Sistema"},{"language":"et-EE","value":"Süsteem"},{"language":"fi-FI","value":"Valmiste"},{"language":"fr-FR","value":"Système"},{"language":"ga-EU","value":"Córas"},{"language":"hr-HR","value":"Sustav"},{"language":"is-IS","value":"Eining"},{"language":"it-IT","value":"Sistema"},{"language":"lt-LT","value":"Sistema"},{"language":"lv-LV","value":"Sistēma"},{"language":"nl-NL","value":"Systeem"},{"language":"no-NO","value":"System"},{"language":"pl-PL","value":"System"},{"language":"pt-PT","value":"Sistema"},{"language":"ru-RU","value":"Система"},{"language":"sk-SK","value":"Systém"},{"language":"sl-SI","value":"Sistem"},{"language":"sr-RS","value":"Sistem"},{"language":"sv-SE","value":"System"},{"language":"tr-TR","value":"Sistem"}]},{"code":"15054000","display":"Tablet","designation":[{"language":"bg-BG","value":"Таблетка"},{"language":"cs-CZ","value":"Tableta"},{"language":"da-DK","value":"Tablet"},{"language":"de-DE","value":"Tablette"},{"language":"el-GR","value":"Δισκίο"},{"language":"es-ES","value":"Comprimido"},{"language":"et-EE","value":"Tablett"},{"language":"fi-FI","value":"Tabletti"},{"language":"fr-FR","value":"Comprimé"},{"language":"ga-EU","value":"Táibléad"},{"language":"hr-HR","value":"Tableta"},{"language":"is-IS","value":"Tafla"},{"language":"it-IT","value":"Compressa"},{"language":"lt-LT","value":"Tabletė"},{"language":"lv-LV","value":"Tablete"},{"language":"nl-NL","value":"Tablet"},{"language":"no-NO","value":"Tablett"},{"language":"pl-PL","value":"Tabletka"},{"language":"pt-PT","value":"Comprimido"},{"language":"ru-RU","value":"Таблетка"},{"language":"sk-SK","value":"Tableta"},{"language":"sl-SI","value":"Tableta"},{"language":"sr-RS","value":"Tableta"},{"language":"sv-SE","value":"Tablett"},{"language":"tr-TR","value":"Tablet"}]},{"code":"15055000","display":"Tag","designation":[{"language":"bg-BG","value":"Обица"},{"language":"cs-CZ","value":"Štítek"},{"language":"da-DK","value":"Brik"},{"language":"de-DE","value":"Marke"},{"language":"el-GR","value":"Βύσμα"},{"language":"es-ES","value":"Crotal"},{"language":"et-EE","value":"Lipik"},{"language":"fi-FI","value":"Lääkemerkki"},{"language":"fr-FR","value":"Plaquette"},{"language":"ga-EU","value":"Clib"},{"language":"hr-HR","value":"Pločica"},{"language":"is-IS","value":"Hengi"},{"language":"it-IT","value":"Placchetta"},{"language":"lv-LV","value":"Krotālija"},{"language":"no-NO","value":"Brikke"},{"language":"pl-PL","value":"Kolczyk"},{"language":"pt-PT","value":"Brinco"},{"language":"sk-SK","value":"Značka"},{"language":"sl-SI","value":"Ploščica"},{"language":"sr-RS","value":"Markica"},{"language":"sv-SE","value":"Bricka"},{"language":"tr-TR","value":"Etiket"}]},{"code":"15056000","display":"Tampon","designation":[{"language":"bg-BG","value":"Тампон"},{"language":"cs-CZ","value":"Tampon"},{"language":"da-DK","value":"Tampon"},{"language":"de-DE","value":"Tampon"},{"language":"el-GR","value":"Βύσμα"},{"language":"es-ES","value":"Tampón"},{"language":"et-EE","value":"Tampoon"},{"language":"fi-FI","value":"Tamponi"},{"language":"fr-FR","value":"Tampon"},{"language":"ga-EU","value":"Súitín"},{"language":"hr-HR","value":"Tampon"},{"language":"is-IS","value":"Tappi"},{"language":"it-IT","value":"Tampone"},{"language":"lt-LT","value":"Tamponas"},{"language":"lv-LV","value":"Tampons"},{"language":"nl-NL","value":"Tampon"},{"language":"no-NO","value":"Tampong"},{"language":"pl-PL","value":"Tampon"},{"language":"pt-PT","value":"Tampão"},{"language":"ru-RU","value":"Тампон"},{"language":"sk-SK","value":"Tampón"},{"language":"sl-SI","value":"Tampon"},{"language":"sr-RS","value":"Tampon"},{"language":"sv-SE","value":"Tampong"},{"language":"tr-TR","value":"Tampon"}]},{"code":"15057000","display":"Thread","designation":[{"language":"bg-BG","value":"Конец"},{"language":"cs-CZ","value":"Vlákno"},{"language":"da-DK","value":"Thread"},{"language":"de-DE","value":"Faden"},{"language":"el-GR","value":"Νήμα"},{"language":"es-ES","value":"Hilo"},{"language":"et-EE","value":"Ravimniit"},{"language":"fi-FI","value":"Lanka"},{"language":"fr-FR","value":"Fil"},{"language":"ga-EU","value":"Snáth"},{"language":"hr-HR","value":"Konac"},{"language":"is-IS","value":"Þráður"},{"language":"it-IT","value":"Filo"},{"language":"lt-LT","value":"Siūlas"},{"language":"nl-NL","value":"Garen"},{"language":"no-NO","value":"Tråd"},{"language":"pl-PL","value":"Nić"},{"language":"pt-PT","value":"Fio"},{"language":"ru-RU","value":"Нить"},{"language":"sk-SK","value":"Niť"},{"language":"sl-SI","value":"Nitka"},{"language":"sr-RS","value":"Konac"},{"language":"sv-SE","value":"Tråd"},{"language":"tr-TR","value":"İplik"}]},{"code":"15058000","display":"Tube","designation":[{"language":"bg-BG","value":"Туба"},{"language":"cs-CZ","value":"Tuba"},{"language":"da-DK","value":"Tube"},{"language":"de-DE","value":"Tube"},{"language":"el-GR","value":"Σωληνάριο"},{"language":"es-ES","value":"Tubo"},{"language":"et-EE","value":"Tuub"},{"language":"fi-FI","value":"Putki/letku"},{"language":"fr-FR","value":"Tube"},{"language":"ga-EU","value":"Tiúb"},{"language":"hr-HR","value":"Tuba"},{"language":"is-IS","value":"Túpa"},{"language":"it-IT","value":"Tubo"},{"language":"lt-LT","value":"Tūbelė"},{"language":"lv-LV","value":"Tūba"},{"language":"nl-NL","value":"Tube"},{"language":"no-NO","value":"Tube"},{"language":"pl-PL","value":"Tuba"},{"language":"pt-PT","value":"Bisnaga"},{"language":"ru-RU","value":"Туба"},{"language":"sk-SK","value":"Tuba"},{"language":"sl-SI","value":"Tuba"},{"language":"sr-RS","value":"Tuba"},{"language":"sv-SE","value":"Tub"},{"language":"tr-TR","value":"Tüp"}]},{"code":"15059000","display":"Vessel","designation":[{"language":"bg-BG","value":"Съд"},{"language":"cs-CZ","value":"Nádoba"},{"language":"da-DK","value":"Opbevaringsbeholder"},{"language":"de-DE","value":"Behältnis"},{"language":"el-GR","value":"Δοχείο"},{"language":"es-ES","value":"Recipiente"},{"language":"et-EE","value":"Anum"},{"language":"fi-FI","value":"Säiliö"},{"language":"fr-FR","value":"Récipient"},{"language":"ga-EU","value":"Soitheach"},{"language":"hr-HR","value":"Posuda"},{"language":"is-IS","value":"Ílát"},{"language":"it-IT","value":"Recipiente a tenuta"},{"language":"lt-LT","value":"Indas"},{"language":"nl-NL","value":"Vat"},{"language":"no-NO","value":"Beholder"},{"language":"pl-PL","value":"Zbiornik"},{"language":"pt-PT","value":"Recipiente"},{"language":"ru-RU","value":"Сосуд"},{"language":"sk-SK","value":"Nádoba"},{"language":"sl-SI","value":"Posoda"},{"language":"sr-RS","value":"Sud"},{"language":"sv-SE","value":"Kärl"},{"language":"tr-TR","value":"Tas"}]},{"code":"15060000","display":"Vial","designation":[{"language":"bg-BG","value":"Флакон"},{"language":"cs-CZ","value":"Injekční lahvička"},{"language":"da-DK","value":"Hætteglas"},{"language":"de-DE","value":"Durchstechflasche"},{"language":"el-GR","value":"Φιαλίδιο"},{"language":"es-ES","value":"Vial"},{"language":"et-EE","value":"Viaal"},{"language":"fi-FI","value":"Injektiopullo/lääkepullo"},{"language":"fr-FR","value":"Flacon"},{"language":"ga-EU","value":"Fial"},{"language":"hr-HR","value":"Bočica"},{"language":"is-IS","value":"Hettuglas"},{"language":"it-IT","value":"Flaconcino"},{"language":"lt-LT","value":"Flakonas"},{"language":"lv-LV","value":"Flakons"},{"language":"nl-NL","value":"Flacon"},{"language":"no-NO","value":"Hetteglass"},{"language":"pl-PL","value":"Fiolka"},{"language":"pt-PT","value":"Frasco para injetáveis"},{"language":"ru-RU","value":"Флакон"},{"language":"sk-SK","value":"Injekčná liekovka"},{"language":"sl-SI","value":"Viala"},{"language":"sr-RS","value":"Bočica"},{"language":"sv-SE","value":"Injektionsflaska"},{"language":"tr-TR","value":"Şişecik"}]},{"code":"15061000","display":"Puff","designation":[{"language":"fi-FI","value":"-"},{"language":"ga-EU","value":"Puth"},{"language":"sk-SK","value":"-"},{"language":"tr-TR","value":"Puf"}]},{"code":"15062000","display":"Swab","designation":[{"language":"bg-BG","value":"Тампон"},{"language":"cs-CZ","value":"Tampon"},{"language":"de-DE","value":"Tupfer"},{"language":"es-ES","value":"Bastoncillo"},{"language":"fi-FI","value":"Lääketuppo"},{"language":"fr-FR","value":"Tampon en applicateur"},{"language":"ga-EU","value":"Maipín"},{"language":"hr-HR","value":"Tupfer"},{"language":"is-IS","value":"Húðþurrka"},{"language":"it-IT","value":"Tampone"},{"language":"lt-LT","value":"Tamponėlis"},{"language":"nl-NL","value":"Wattenstaafje"},{"language":"no-NO","value":"Vattpinne"},{"language":"pl-PL","value":"Tampon"},{"language":"pt-PT","value":"Zaragatoa"},{"language":"sv-SE","value":"Svabb"}]}]}]}}