{"resourceType":"ValueSet","id":"transformation","text":{"status":"generated","div":"<div xmlns=\"http://www.w3.org/1999/xhtml\"><ul><li>Include these codes as defined in <code>https://standardterms.edqm.eu/#</code><table class=\"none\"><tr><td style=\"white-space:nowrap\"><b>Code</b></td><td><b>Display</b></td></tr><tr><td>0038</td><td>Dilution</td></tr><tr><td>0039</td><td>Dispersion</td></tr><tr><td>0040</td><td>Dissolution</td></tr><tr><td>0041</td><td>Mixing</td></tr><tr><td>0042</td><td>No transformation</td></tr><tr><td>0043</td><td>Unknown</td></tr></table></li></ul></div>"},"url":"learning-ig.censacrof.github.com/ValueSet/transformation","version":"0.1.0","name":"Transformation","title":"Transformation","status":"active","experimental":false,"date":"2022-12-15T15:54:12+00:00","publisher":"Example Publisher","contact":[{"name":"Example Publisher","telecom":[{"system":"url","value":"https://censacrof.github.io/learning-ig/branches/master/"}]}],"description":"ValueSet Transformation from EDQM, TRA, see https://standardterms.edqm.eu/#","immutable":false,"compose":{"include":[{"system":"https://standardterms.edqm.eu/#","concept":[{"code":"0038","display":"Dilution"},{"code":"0039","display":"Dispersion"},{"code":"0040","display":"Dissolution"},{"code":"0041","display":"Mixing"},{"code":"0042","display":"No transformation"},{"code":"0043","display":"Unknown"}]}]}}